Metabolite,Formula
10fthf_c,C20H21N7O7
12dgr120_c,C27H52O5
12dgr140_c,C31H60O5
12dgr141_c,C31H56O5
12dgr160_c,C35H68O5
12dgr161_c,C35H64O5
12dgr180_c,C39H76O5
12dgr181_c,C39H72O5
12ppd__R_c,C3H8O2
12ppd__S_c,C3H8O2
13dpg_c,C3H4O10P2
14dhncoa_c,C32H38N7O19P3S
14glucan_c,C36H62O31
15dap_c,C5H16N2
1ddecg3p_c,C15H29O7P1
1hdec9eg3p_c,C19H35O7P1
1hdecg3p_c,C19H37O7P1
1odec11eg3p_c,C21H39O7P1
1odecg3p_c,C21H41O7P1
1pyr5c_c,C5H6NO2
1tdec7eg3p_c,C17H31O7P1
1tdecg3p_c,C17H33O7P1
23dappa_c,C3H9N2O2
23ddhb_c,C7H7O4
23dhacoa_c,C27H37N7O19P3S
23dhb_c,C7H5O4
23dhba_c,C17H17N5O10P
23dhbzs_c,C10H10NO6
23dhdp_c,C7H5NO4
23dhmb_c,C5H9O4
23dhmp_c,C6H11O4
23doguln_c,C6H7O7
25aics_c,C13H15N4O12P
25dkglcn_c,C6H7O7
25drapp_c,C9H14N5O8P
26dap_LL_c,C7H14N2O4
26dap__M_c,C7H14N2O4
2agpe120_c,C17H36NO7P1
2agpe140_c,C19H40NO7P1
2agpe141_c,C19H38NO7P1
2agpe160_c,C21H44NO7P1
2agpe161_c,C21H42NO7P1
2agpe180_c,C23H48NO7P1
2agpe181_c,C23H46NO7P1
2agpg120_c,C18H36O9P1
2agpg140_c,C20H40O9P1
2agpg141_c,C20H38O9P1
2agpg160_c,C22H44O9P1
2agpg161_c,C22H42O9P1
2agpg180_c,C24H48O9P1
2agpg181_c,C24H46O9P1
2ahbut_c,C6H9O4
2amsa_c,C3H5NO3
2aobut_c,C4H7NO3
2cpr5p_c,C12H13NO9P
2dda7p_c,C7H10O10P
2ddecg3p_c,C15H30O7P1
2ddg6p_c,C6H8O9P
2ddglcn_c,C6H9O6
2dh3dgal_c,C6H9O6
2dh3dgal6p_c,C6H8O9P
2dhguln_c,C6H9O7
2dhp_c,C6H9O4
2dmmq8_c,C50H70O2
2dmmql8_c,C50H72O2
2dr1p_c,C5H9O7P
2dr5p_c,C5H9O7P
2fe1s_c,SFe2
2fe2s_c,S2Fe2
2h3oppan_c,C3H3O4
2hdec9eg3p_c,C19H36O7P1
2hdecg3p_c,C19H38O7P1
2ippm_c,C7H8O4
2mahmp_c,C6H8N3O7P2
2mcacn_c,C7H5O6
2mcit_c,C7H7O7
2me4p_c,C5H11O7P
2mecdp_c,C5H10O9P2
2obut_c,C4H5O3
2odec11eg3p_c,C21H40O7P1
2odecg3p_c,C21H42O7P1
2ohph_c,C46H70O2
2ombzl_c,C47H72O3
2omhmbl_c,C48H74O4
2ommbl_c,C48H74O3
2omph_c,C47H72O2
2oph_c,C46H70O
2oxpaccoa_c,C29H38N7O18P3S
2p4c2me_c,C14H22N3O17P3
2pg_c,C3H4O7P
2pglyc_c,C2H2O6P
2sephchc_c,C14H13O9
2shchc_c,C11H10O6
2tdec7eg3p_c,C17H32O7P1
2tdecg3p_c,C17H34O7P1
2tpr3dpcoa_c,C26H40N7O26P5S
34hpp_c,C9H7O4
35cgmp_c,C10H11N5O7P
3amac_c,C3H4NO2
3c2hmp_c,C7H10O5
3c3hmp_c,C7H10O5
3c4mop_c,C7H8O5
3dhguln_c,C6H9O7
3dhgulnp_c,C6H8O10P
3dhq_c,C7H9O6
3dhsk_c,C7H7O5
3fe4s_c,S4Fe3
3haACP_c,C15H27N2O9PRS
3hadpcoa_c,C27H39N7O20P3S
3hbcoa_c,C25H38N7O18P3S
3hcddec5eACP_c,C23H41N2O9PRS
3hcinnm_c,C9H7O3
3hcmrs7eACP_c,C25H45N2O9PRS
3hcpalm9eACP_c,C27H49N2O9PRS
3hcvac11eACP_c,C29H53N2O9PRS
3hdcoa_c,C31H50N7O18P3S
3hddcoa_c,C33H54N7O18P3S
3hddecACP_c,C23H43N2O9PRS
3hdecACP_c,C21H39N2O9PRS
3hhcoa_c,C27H42N7O18P3S
3hhdcoa_c,C37H62N7O18P3S
3hhexACP_c,C17H31N2O9PRS
3hmrsACP_c,C25H47N2O9PRS
3hocoa_c,C29H46N7O18P3S
3hoctACP_c,C19H35N2O9PRS
3hoctaACP_c,C29H55N2O9PRS
3hodcoa_c,C39H66N7O18P3S
3hpalmACP_c,C27H51N2O9PRS
3hpp_c,C3H5O3
3hpppn_c,C9H9O3
3htdcoa_c,C35H58N7O18P3S
3ig3p_c,C11H12NO6P
3mob_c,C5H7O3
3mop_c,C6H9O3
3ocddec5eACP_c,C23H39N2O9PRS
3ocmrs7eACP_c,C25H43N2O9PRS
3ocpalm9eACP_c,C27H47N2O9PRS
3ocvac11eACP_c,C29H51N2O9PRS
3odcoa_c,C31H48N7O18P3S
3oddcoa_c,C33H52N7O18P3S
3oddecACP_c,C23H41N2O9PRS
3odecACP_c,C21H37N2O9PRS
3ohcoa_c,C27H40N7O18P3S
3ohdcoa_c,C37H60N7O18P3S
3ohexACP_c,C17H29N2O9PRS
3omrsACP_c,C25H45N2O9PRS
3oocoa_c,C29H44N7O18P3S
3ooctACP_c,C19H33N2O9PRS
3ooctdACP_c,C29H53N2O9PRS
3ohodcoa_c,C39H64N7O18P3S
3opalmACP_c,C27H49N2O9PRS
3ophb_c,C47H69O3
3otdcoa_c,C35H56N7O18P3S
3oxdhscoa_c,C29H39N7O20P3S
3pg_c,C3H4O7P
3php_c,C3H2O7P
3psme_c,C10H9O10P
3sala_c,C3H5NO4S
4abut_c,C4H9NO2
4abutn_c,C4H10NO
4abz_c,C7H6NO2
4adcho_c,C10H10NO5
4ahmmp_c,C6H9N3O
4ampm_c,C6H8N3O4P
4c2me_c,C14H23N3O14P2
4crsol_c,C7H8O
4fe4s_c,S4Fe4
4h2opntn_c,C5H7O4
4hbz_c,C7H5O3
4hthr_c,C4H9NO4
4mhetz_c,C6H9NOS
4mop_c,C6H9O3
4mpetz_c,C6H8NO4PS
4pasp_c,C4H6NO7P
4per_c,C4H6O8P
4ppan_c,C9H15NO8P
4ppcys_c,C12H20N2O9PS
4r5au_c,C9H16N4O6
56dura_c,C4H6N2O2
5aizc_c,C9H11N3O9P
5aop_c,C5H9NO3
5aprbu_c,C9H15N4O9P
5apru_c,C9H13N4O9P
5caiz_c,C9H11N3O9P
5dglcn_c,C6H9O7
5dh4dglc_c,C6H6O7
5drib_c,C5H10O4
5fthf_c,C20H21N7O7
5mta_c,C11H15N5O3S
5mthf_c,C20H24N7O6
5mtr_c,C6H12O4S
5prdmbz_c,C14H17N2O7P
6hmhpt_c,C7H9N5O2
6hmhptpp_c,C7H8N5O8P2
6pgc_c,C6H10O10P
6pgl_c,C6H9O9P
8aonn_c,C9H17NO3
ACP_c,C11H21N2O7PRS
LalaDglu_c,C8H13N2O5
LalaDgluMdap_c,C15H25N4O8
LalaDgluMdapDala_c,C18H30N5O9
LalaLglu_c,C8H13N2O5
N1aspmd_c,C9H23N3O
Nmtrp_c,C12H14N2O2
Sfglutth_c,C11H16N3O7S
aacald_c,C2H6NO
aacoa_c,C25H36N7O18P3S
aact_c,C3H8NO
ac_c,C2H3O2
acACP_c,C13H23N2O8PRS
acac_c,C4H5O3
acald_c,C2H4O
acanth_c,C9H8NO3
accoa_c,C23H34N7O17P3S
acetol_c,C3H6O2
acg5p_c,C7H9NO8P
acg5sa_c,C7H10NO4
acgam_c,C8H15NO6
acgam1p_c,C8H14NO9P
acgam6p_c,C8H14NO9P
acglc__D_c,C8H14O7
acglu_c,C7H9NO5
acmalt_c,C14H24O12
acmana_c,C8H15NO6
acmanap_c,C8H14NO9P
acmum6p_c,C11H17NO11P
acnam_c,C11H18NO9
acon_C_c,C6H3O6
acon_T_c,C6H3O6
aconm_c,C7H6O6
acorn_c,C7H14N2O3
acser_c,C5H9NO4
actACP_c,C15H25N2O9PRS
actp_c,C2H3O5P
ade_c,C5H5N5
adn_c,C10H13N5O4
adocbi_c,C58H84CoN16O11
adocbip_c,C58H83CoN16O14P
adocbl_c,C72H100CoN18O17P
adp_c,C10H12N5O10P2
adpglc_c,C16H23N5O15P2
adphep_DD_c,C17H25N5O16P2
adphep_LD_c,C17H25N5O16P2
adprib_c,C15H21N5O14P2
ag_c,Ag
agdpcbi_c,C68H95CoN21O21P2
agm_c,C5H16N4
ahcys_c,C14H20N6O5S
ahdt_c,C9H12N5O13P3
aicar_c,C9H13N4O8P
air_c,C8H12N3O7P
akg_c,C5H4O5
ala_B_c,C3H7NO2
ala__D_c,C3H7NO2
ala__L_c,C3H7NO2
alaala_c,C6H12N2O3
alac__S_c,C5H7O4
alatrna_c,C3H6NOR
all__D_c,C6H12O6
all6p_c,C6H11O9P
alltn_c,C4H6N4O3
alltt_c,C4H7N4O4
allul6p_c,C6H11O9P
altrn_c,C6H11O7
amet_c,C15H23N6O5S
ametam_c,C14H24N6O3S
amob_c,C15H19N5O6S
amp_c,C10H12N5O7P
anhgm_c,C19H29N2O12
anhgm3p_c,C34H52N6O19
anhgm4p_c,C37H57N7O20
anhm_c,C11H16NO7
anhm3p_c,C26H39N5O14
anhm4p_c,C29H44N6O15
anth_c,C7H6NO2
ap4a_c,C20H24N10O19P4
ap5a_c,C20H24N10O22P5
apg120_c,C42H80O11P
apg140_c,C48H92O11P
apg141_c,C48H86O11P
apg160_c,C54H104O11P
apg161_c,C54H98O11P
apg180_c,C60H116O11P
apg181_c,C60H110O11P
apoACP_c,RHO
appl_c,C3H10NO
aps_c,C10H12N5O10PS
ara5p_c,C5H9O8P
arab__L_c,C5H10O5
aragund_c,C71H115N1O17P2
arbt6p_c,C12H15O10P
arbtn_c,C22H33N4O13
arbtn_fe3_c,C22H33FeN4O13
arg__L_c,C6H15N4O2
argsuc_c,C10H17N4O6
argtrna_c,C6H14N4OR
ascb6p_c,C6H7O9P
asn__L_c,C4H8N2O3
asntrna_c,C14H24N2O12PR2
aso3_c,AsO3
aso4_c,AsO4
asp__L_c,C4H6NO4
aspsa_c,C4H7NO3
asptrna_c,C4H5NO3R
athr__L_c,C4H9NO3
athtp_c,C22H28N9O13P3S
atp_c,C10H12N5O13P3
b2coa_c,C25H36N7O17P3S
bbtcoa_c,C28H46N8O17P3S
betald_c,C5H12NO
bglycogen_c,C6H10O5
bmoco_c,C20H20N10O13P2S4Mo
bmoco1gdp_c,C30H32N15O20P3S4Mo
bmocogdp_c,C40H44N20O27P4S4Mo
btal_c,C4H8O
btcoa_c,C25H38N7O17P3S
btn_c,C10H15N2O3S
btnso_c,C10H15N2O4S
but_c,C4H7O2
but2eACP_c,C15H25N2O8PRS
butACP_c,C15H27N2O8PRS
butso3_c,C4H9O3S
bwco_c,C20H20N10O13P2S4W
bwco1gdp_c,C30H32N15O20P3S4W
bwcogdp_c,C40H44N20O27P4S4W
ca2_c,Ca
camp_c,C10H11N5O6P
cbasp_c,C5H6N2O5
cbi_c,C48H72CoN11O8
cbl1_c,C62H88CoN13O14P
cbm_c,CH2NO2
cbp_c,CH2NO5P
cd2_c,Cd
cddec5eACP_c,C23H41N2O8PRS
cdec3eACP_c,C21H37N2O8PRS
cdg_c,C7H5N4O3
cdp_c,C9H12N3O11P2
cdpdddecg_c,C36H63N3O15P2
cdpdhdec9eg_c,C44H75N3O15P2
cdpdhdecg_c,C44H79N3O15P2
cdpdodec11eg_c,C48H83N3O15P2
cdpdodecg_c,C48H87N3O15P2
cdpdtdec7eg_c,C40H67N3O15P2
cdpdtdecg_c,C40H71N3O15P2
cechddd_c,C9H11O4
cenchddd_c,C9H9O4
cgly_c,C5H10N2O3S
chol_c,C5H14NO
chor_c,C10H8O6
chtbs6p_c,C16H27N2O14P
cinnm_c,C9H7O2
cit_c,C6H5O7
citr__L_c,C6H13N3O3
ckdo_c,C17H24N3O15P
cl_c,Cl
cmp_c,C9H12N3O8P
co2_c,CO2
coa_c,C21H32N7O16P3S
cobalt2_c,Co
colipa_c,C176H303N2O100P4
cpe160_c,C39H74N1O8P1
cpe180_c,C43H82N1O8P1
cpg160_c,C40H74O10P1
cpg180_c,C44H82O10P1
cpgn_c,C35H52N6O13Fe
cpgn_un_c,C35H52N6O13
cph4_c,C7H8N5O3
cpmp_c,C10H13N5O8P
cpppg3_c,C36H40N4O8
crn_c,C7H15NO3
crn__D_c,C7H15NO3
crnDcoa_c,C28H46N8O18P3S
crncoa_c,C28H46N8O18P3S
csn_c,C4H5N3O
ctbt_c,C7H13NO2
ctbtcoa_c,C28H44N8O17P3S
ctp_c,C9H12N3O14P3
cu_c,Cu
cu2_c,Cu
cyan_c,CHN
cynt_c,CNO
cys__D_c,C3H7NO2S
cys__L_c,C3H7NO2S
cyst__L_c,C7H14N2O4S
cystrna_c,C3H6NOSR
cytd_c,C9H13N3O5
dad_2_c,C10H13N5O3
dad_5_c,C10H13N5O3
dadp_c,C10H12N5O9P2
damp_c,C10H12N5O6P
dann_c,C9H21N2O2
datp_c,C10H12N5O12P3
db4p_c,C4H7O6P
dc2coa_c,C31H48N7O17P3S
dca_c,C10H19O2
dcaACP_c,C21H39N2O8PRS
dcacoa_c,C31H50N7O17P3S
dcamp_c,C14H14N5O11P
dcdp_c,C9H12N3O10P2
dcmp_c,C9H12N3O7P
dctp_c,C9H12N3O13P3
dcyt_c,C9H13N3O4
dd2coa_c,C33H52N7O17P3S
ddca_c,C12H23O2
ddcaACP_c,C23H43N2O8PRS
ddcacoa_c,C33H54N7O17P3S
ddcap_c,C12H24O5P1
dgdp_c,C10H12N5O10P2
dgmp_c,C10H12N5O7P
dgslnt_c,C20H30N6O12S2Se
dgsn_c,C10H13N5O4
dgtp_c,C10H12N5O13P3
dha_c,C3H6O3
dhap_c,C3H5O6P
dhcinnm_c,C9H7O4
dhf_c,C19H19N7O6
dhgly_c,C2H2NO2
dhmpt_c,C9H13N5O4
dhmptp_c,C9H12N5O13P3
dhna_c,C11H7O4
dhnpt_c,C9H13N5O4
dhor__S_c,C5H5N2O4
dhpmp_c,C9H12N5O7P
dhpppn_c,C9H9O4
dhpt_c,C14H13N6O3
dhptd_c,C5H8O4
dhptdn_c,C6H6N4
didp_c,C10H11N4O10P2
dimp_c,C10H11N4O7P
din_c,C10H12N4O4
ditp_c,C10H11N4O13P3
dmbzid_c,C9H10N2
dmlz_c,C13H18N4O6
dmpp_c,C5H9O7P2
dms_c,C2H6S
dmso_c,C2H6OS
dnad_c,C21H24N6O15P2
dpcoa_c,C21H33N7O13P2S
dsbdox_c,X
dsbdrd_c,XH2
dscl_c,C42H41N4O16
dtbt_c,C10H17N2O3
dtdp_c,C10H13N2O11P2
dtdp4aaddg_c,C18H27N3O15P2
dtdp4addg_c,C16H26N3O14P2
dtdp4d6dg_c,C16H22N2O15P2
dtdp4d6dm_c,C16H22N2O15P2
dtdpglu_c,C16H24N2O16P2
dtdprmn_c,C16H24N2O15P2
dtmp_c,C10H13N2O8P
dttp_c,C10H13N2O14P3
dudp_c,C9H11N2O11P2
dump_c,C9H11N2O8P
duri_c,C9H12N2O5
dutp_c,C9H11N2O14P3
dxyl_c,C5H10O4
dxyl5p_c,C5H9O7P
e4p_c,C4H7O7P
egmeACP_c,C17H27N2O10PRS
eig3p_c,C6H9N2O6P
enter_c,C30H27N3O15
epmeACP_c,C19H31N2O10PRS
etha_c,C2H8NO
ethso3_c,C2H5O3S
etoh_c,C2H6O
f1p_c,C6H11O9P
f6p_c,C6H11O9P
fad_c,C27H31N9O15P2
fadh2_c,C27H33N9O15P2
fald_c,CH2O
fc1p_c,C6H11O8P
fcl__L_c,C6H12O5
fdp_c,C6H10O12P2
fe2_c,Fe
fe3_c,Fe
fe3dhbzs_c,C10H10NO6Fe
fe3hox_c,C9H18O6N3Fe
fe3hox_un_c,C9H18O6N3
fecrm_c,C27H42FeN9O12
fecrm_un_c,C27H42N9O12
feenter_c,C30H27FeN3O15
feoxam_c,C25H46FeN6O8
feoxam_un_c,C25H46N6O8
fgam_c,C8H13N2O9P
flxr_c,XH
flxso_c,XH
fmettrna_c,C6H9NO2SR
fmn_c,C17H19N4O9P
fmnh2_c,C17H21N4O9P
for_c,CH1O2
forcoa_c,C22H32N7O17P3S
fpram_c,C8H15N3O8P
fprica_c,C10H13N4O9P
frdp_c,C15H25O7P2
fru_c,C6H12O6
frulys_c,C12H25N2O7
frulysp_c,C12H24N2O10P
fruur_c,C6H9O7
fuc__L_c,C6H12O5
fum_c,C4H2O4
g1p_c,C6H11O9P
g3p_c,C3H5O6P
g3pc_c,C8H20NO6P
g3pe_c,C5H14NO6P
g3pg_c,C6H14O8P
g3pi_c,C9H18O11P
g3ps_c,C6H13NO8P
g6p_c,C6H11O9P
gagicolipa_c,C157H271N2O84P4
gal_c,C6H12O6
gal1p_c,C6H11O9P
galct__D_c,C6H8O8
galctn__D_c,C6H11O7
galctn__L_c,C6H11O7
galt1p_c,C6H13O9P
galur_c,C6H9O7
gam1p_c,C6H13NO8P
gam6p_c,C6H13NO8P
gar_c,C7H14N2O8P
garagund_c,C77H125N1O22P2
gbbtn_c,C7H15NO2
gcald_c,C2H4O2
gdp_c,C10H12N5O11P2
gdpddman_c,C16H21N5O15P2
gdpfuc_c,C16H23N5O15P2
gdpmann_c,C16H23N5O16P2
gdpofuc_c,C16H21N5O15P2
gdptp_c,C10H11N5O20P5
gfgaragund_c,C83H135N1O27P2
gg4abut_c,C9H15O5N2
ggagicolipa_c,C163H281N2O89P4
ggbutal_c,C9H16O4N2
gggagicolipa_c,C169H291N2O94P4
ggptrc_c,C9H20O3N3
ghb_c,C4H7O3
gicolipa_c,C151H261N2O79P4
glc__D_c,C6H12O6
glcn_c,C6H11O7
glcr_c,C6H8O8
glcur_c,C6H9O7
gln__L_c,C5H10N2O3
glntrna_c,C5H9N2O2R
glu__D_c,C5H8NO4
glu__L_c,C5H8NO4
glu1sa_c,C5H9NO3
glu5p_c,C5H8NO7P
glu5sa_c,C5H9NO3
glucys_c,C8H13N2O5S
glutrna_c,C5H7NO3R
glx_c,C2H1O3
gly_c,C2H5NO2
glyald_c,C3H6O3
glyb_c,C5H11NO2
glyc_c,C3H8O3
glyc__R_c,C3H5O4
glyc2p_c,C3H7O6P
glyc3p_c,C3H7O6P
glyclt_c,C2H3O3
glycogen_c,C6H10O5
glytrna_c,C2H4NOR
gmeACP_c,C17H29N2O10PRS
gmhep17bp_c,C7H12O13P2
gmhep1p_c,C7H13O10P
gmhep7p_c,C7H13O10P
gmp_c,C10H12N5O8P
gp4g_c,C20H24N10O21P4
grdp_c,C10H17O7P2
grxox_c,X
grxrd_c,XH2
gslnt_c,C10H16N3O6SSe
gsn_c,C10H13N5O5
gthox_c,C20H30N6O12S2
gthrd_c,C10H16N3O6S
gtp_c,C10H12N5O14P3
gtspmd_c,C17H36N6O5S
gua_c,C5H5N5O
h_c,H
h2_c,H2
h2mb4p_c,C5H9O8P2
h2o_c,H2O
h2o2_c,H2O2
h2s_c,H2S
hco3_c,CHO3
hcys__L_c,C4H9NO2S
hdca_c,C16H31O2
hdcap_c,C16H32O5P
hdcea_c,C16H29O2
hdceap_c,C16H30O5P
hdcoa_c,C37H60N7O17P3S
hdd2coa_c,C37H60N7O17P3S
hdeACP_c,C27H49N2O8PRS
hemeO_c,C49H56FeN4O5
hexACP_c,C17H31N2O8PRS
hg2_c,Hg
hgmeACP_c,C17H29N2O11PRS
hhlipa_c,C124H220N2O51P2
his__L_c,C6H9N3O2
hisp_c,C6H11N3O4P
histd_c,C6H12N3O
histrna_c,C6H8N3OR
hkndd_c,C9H8O6
hkntd_c,C9H6O6
hlipa_c,C117H208N2O45P2
hmbil_c,C40H38N4O17
hmgth_c,C11H18N3O7S
hom__L_c,C4H9NO3
hphhlipa_c,C131H231N2O60P3
hpmeACP_c,C19H33N2O11PRS
hpyr_c,C3H3O4
hqn_c,C6H6O2
hx2coa_c,C27H40N7O17P3S
hxa_c,C6H11O2
hxan_c,C5H4N4O
hxcoa_c,C27H42N7O17P3S
iasp_c,C4H3NO4
ichor_c,C10H8O6
icit_c,C6H5O7
icolipa_c,C145H251N2O74P4
idon__L_c,C6H11O7
idp_c,C10H11N4O11P2
ile__L_c,C6H13NO2
iletrna_c,C6H12NOR
imacp_c,C6H7N2O5P
imp_c,C10H11N4O8P
indole_c,C8H7N
inost_c,C6H12O6
ins_c,C10H12N4O5
ipdp_c,C5H9O7P2
iscs_c,HSR
iscssh_c,HS2R
iscu_c,H8O2S6R
iscu_2fe2s_c,H4O2S8Fe2R
iscu_2fe2s2_c,O2S10Fe4R
iscu_4fe4s_c,H4O2S10Fe4R
isetac_c,C2H5O4S
itp_c,C10H11N4O14P3
k_c,K
kdo_c,C8H13O8
kdo2lipid4_c,C84H148N2O37P2
kdo2lipid4L_c,C96H170N2O38P2
kdo2lipid4p_c,C100H176N2O38P2
kdo8p_c,C8H12O11P
kdolipid4_c,C76H137N2O30P2
kphphhlipa_c,C139H241N2O70P4
lac__D_c,C3H5O3
lac__L_c,C3H5O3
lald__D_c,C3H6O2
lald__L_c,C3H6O2
lcts_c,C12H22O11
leu__L_c,C6H13NO2
leutrna_c,C6H12NOR
lgt__S_c,C13H20N3O8S
lipa_c,C110H196N2O39P2
lipa_cold_c,C114H202N2O39P2
lipidA_c,C68H126N2O23P2
lipidAds_c,C68H127N2O20P
lipidX_c,C34H64NO12P
lipoamp_c,C18H25N5O8PS2
lipoate_c,C8H14O2S2
lipopb_c,C8H13OS2
lys__L_c,C6H15N2O2
lystrna_c,C6H14N2OR
lyx__L_c,C5H10O5
mal__D_c,C4H4O5
mal__L_c,C4H4O5
malACP_c,C14H22N2O10PRS
malcoa_c,C24H33N7O19P3S
malcoame_c,C25H36N7O19P3S
malt_c,C12H22O11
malt6p_c,C12H21O14P
malthp_c,C42H72O36
malthx_c,C36H62O31
maltpt_c,C30H52O26
malttr_c,C18H32O16
maltttr_c,C24H42O21
man_c,C6H12O6
man1p_c,C6H11O9P
man6p_c,C6H11O9P
man6pglyc_c,C9H14O12P
mana_c,C6H11O7
mdhdhf_c,C5H8O4
melib_c,C12H22O11
meoh_c,CH4O1
mercppyr_c,C3H3O3S
met__D_c,C5H10NO2S
met__L_c,C5H11NO2S
methf_c,C20H20N7O6
metsox_R__L_c,C5H11NO3S
metsox_S__L_c,C5H11NO3S
mettrna_c,C5H10NOSR
mg2_c,Mg
mi1p__D_c,C6H11O9P
micit_c,C7H7O7
mlthf_c,C20H21N7O6
mmcoa__S_c,C25H35N7O19P3S
mmet_c,C6H14NO2S
mn2_c,Mn
mnl1p_c,C6H13O9P
moadamp_c,C11H12N5O8P1X
moadcoo_c,C1O2X
moadcosh_c,C1H1O1S1X
mobd_c,MoO4
moco_c,C10H10N5O8PS2Mo
mococdp_c,C19H22N8O15P2S2Mo
mocogdp_c,C20H22N10O15P2S2Mo
mpt_c,C10H10N5O6PS2Cu
mptamp_c,C20H22N10O12P2S2Cu
mql8_c,C51H74O2
mqn8_c,C51H72O2
msa_c,C3H3O3
mso3_c,CH3O3S
mthgxl_c,C3H4O2
mththf_c,C5H10O5
myrsACP_c,C25H47N2O8PRS
n2o_c,N2O
n8aspmd_c,C9H23N3O
na1_c,Na
na15dap_c,C8H24N3
nac_c,C6H4NO2
nad_c,C21H26N7O14P2
nadh_c,C21H27N7O14P2
nadp_c,C21H25N7O17P3
nadph_c,C21H26N7O17P3
ncam_c,C6H6N2O
nh4_c,H4N
ni2_c,Ni
nicrnt_c,C11H12NO9P
nmn_c,C11H14N2O8P
no_c,NO
no2_c,NO2
no3_c,NO3
o16aund_c,C89H145N1O32P2
o2_c,O2
o2s_c,O2
oaa_c,C4H2O5
oc2coa_c,C29H44N7O17P3S
ocACP_c,C19H35N2O8PRS
occoa_c,C29H46N7O17P3S
ocdca_c,C18H35O2
ocdcaACP_c,C29H55N2O8PRS
ocdcap_c,C18H36O5P
ocdcea_c,C18H33O2
ocdceap_c,C18H34O5P
octa_c,C8H15O2
octapb_c,C8H15O
octdp_c,C40H65O7P2
octeACP_c,C29H53N2O8PRS
od2coa_c,C39H64N7O17P3S
odecoa_c,C39H64N7O17P3S
ogmeACP_c,C17H27N2O11PRS
ohpb_c,C4H4O8P
op4en_c,C5H5O3
opmeACP_c,C19H31N2O11PRS
orn_c,C5H13N2O2
orot_c,C5H3N2O4
orot5p_c,C10H10N2O11P
oxa_c,C2O4
oxadpcoa_c,C27H37N7O20P3S
oxalcoa_c,C23H31N7O19P3S
oxam_c,C2H2NO3
oxur_c,C3H3N2O4
pa120_c,C27H51O8P1
pa140_c,C31H59O8P1
pa141_c,C31H55O8P1
pa160_c,C35H67O8P1
pa161_c,C35H63O8P1
pa180_c,C39H75O8P1
pa181_c,C39H71O8P1
pac_c,C8H7O2
pacald_c,C8H8O
palmACP_c,C27H51N2O8PRS
pan4p_c,C11H21N2O7PS
pant__R_c,C6H11O4
pap_c,C10H11N5O10P2
paps_c,C10H11N5O13P2S
pdx5p_c,C8H10NO6P
pe120_c,C29H58N1O8P1
pe140_c,C33H66N1O8P1
pe141_c,C33H62N1O8P1
pe160_c,C37H74N1O8P1
pe161_c,C37H70N1O8P1
pe180_c,C41H82N1O8P1
pe181_c,C41H78N1O8P1
pep_c,C3H2O6P
pg120_c,C30H58O10P1
pg140_c,C34H66O10P1
pg141_c,C34H62O10P1
pg160_c,C38H74O10P1
pg161_c,C38H70O10P1
pg180_c,C42H82O10P1
pg181_c,C42H78O10P1
pgp120_c,C30H57O13P2
pgp140_c,C34H65O13P2
pgp141_c,C34H61O13P2
pgp160_c,C38H73O13P2
pgp161_c,C38H69O13P2
pgp180_c,C42H81O13P2
pgp181_c,C42H77O13P2
phaccoa_c,C29H38N7O17P3S
phe__L_c,C9H11NO2
pheme_c,C34H30FeN4O4
phetrna_c,C9H10NOR
phhlipa_c,C124H219N2O54P3
phom_c,C4H8NO6P
phphhlipa_c,C131H230N2O63P4
phpyr_c,C9H7O3
phthr_c,C4H8NO7P
pi_c,HO4P
pimACP_c,C18H31N2O10PRS
pmeACP_c,C19H33N2O10PRS
pmtcoa_c,C37H62N7O17P3S
pnto__R_c,C9H16NO5
poaac_c,C3H5NO3
ppa_c,C3H5O2
ppal_c,C3H6O
ppap_c,C3H5O5P
ppbng_c,C10H13N2O4
ppcoa_c,C24H36N7O17P3S
ppgpp_c,C10H11N5O17P4
pphn_c,C10H8O6
ppi_c,HO7P2
ppp9_c,C34H32N4O4
pppg9_c,C34H38N4O4
pppi_c,HO10P3
pppn_c,C9H9O2
pram_c,C5H11NO7P
pran_c,C12H13NO9P
prbamp_c,C15H19N5O14P2
prbatp_c,C15H19N5O20P4
preq0_c,C7H5N5O
preq1_c,C7H10N5O
prfp_c,C15H21N5O15P2
prlp_c,C15H21N5O15P2
pro__L_c,C5H9NO2
progly_c,C7H12N2O3
protrna_c,C5H8NOR
prpp_c,C5H8O14P3
ps120_c,C30H57N1O10P1
ps140_c,C34H65N1O10P1
ps141_c,C34H61N1O10P1
ps160_c,C38H73N1O10P1
ps161_c,C38H69N1O10P1
ps180_c,C42H81N1O10P1
ps181_c,C42H77N1O10P1
psclys_c,C12H25N2O7
pser__L_c,C3H6NO6P
ptrc_c,C4H14N2
pyam5p_c,C8H12N2O5P
pydam_c,C8H13N2O2
pydx_c,C8H9NO3
pydx5p_c,C8H8NO6P
pydxn_c,C8H11NO3
pyr_c,C3H3O3
q8_c,C49H74O4
q8h2_c,C49H76O4
quin_c,C7H12O6
quln_c,C7H3NO4
r15bp_c,C5H8O11P2
r1p_c,C5H9O8P
r5p_c,C5H9O8P
ragund_c,C69H113N1O16P2
rbflvrd_c,C17H22N4O6
rbl__L_c,C5H10O5
rdmbzi_c,C14H18N2O4
rephaccoa_c,C29H38N7O18P3S
rhcys_c,C9H17NO6S
rib__D_c,C5H10O5
ribflv_c,C17H20N4O6
rml_c,C6H12O5
rml1p_c,C6H11O8P
rmn_c,C6H12O5
ru5p__D_c,C5H9O8P
ru5p__L_c,C5H9O8P
s17bp_c,C7H12O13P2
s7p_c,C7H13O10P
sarcs_c,C3H7NO2
sbt6p_c,C6H13O9P
sbzcoa_c,C32H39N7O20P3S
scl_c,C42H39N4O16
sectrna_c,C3H6NOSeR
sel_c,O4Se
seln_c,HSe
selnp_c,H2O3PSe
ser__D_c,C3H7NO3
ser__L_c,C3H7NO3
seramp_c,C13H19N6O9P
sertrna_c,C3H6NO2R
sertrna_sec_c,C3H6NO2R
sheme_c,C42H36FeN4O16
skm_c,C7H9O5
skm5p_c,C7H8O8P
sl26da_c,C11H16N2O7
sl2a6o_c,C11H12NO8
slnt_c,O3Se
so2_c,O2S
so3_c,O3S
so4_c,O4S
spmd_c,C7H22N3
stcoa_c,C39H66N7O17P3S
suc6p_c,C12H21O14P
sucarg_c,C10H17N4O5
sucbz_c,C11H8O5
succ_c,C4H4O4
succoa_c,C25H35N7O19P3S
sucglu_c,C9H10NO7
sucgsa_c,C9H11NO6
suchms_c,C8H12NO6
sucorn_c,C9H15N2O5
sucsal_c,C4H5O3
sufbcd_c,H8O2S6R
sufbcd_2fe2s_c,H4O2S8Fe2R
sufbcd_2fe2s2_c,O2S10Fe4R
sufbcd_4fe4s_c,H4O2S10Fe4R
sufse_c,HSR
sufsesh_c,HS2R
sulfac_c,C2H2O5S
t3c11vaceACP_c,C29H51N2O8PRS
t3c5ddeceACP_c,C23H39N2O8PRS
t3c7mrseACP_c,C25H43N2O8PRS
t3c9palmeACP_c,C27H47N2O8PRS
tag6p__D_c,C6H11O9P
tagdp__D_c,C6H10O12P2
tagur_c,C6H9O7
tartr__D_c,C4H4O6
tartr__L_c,C4H4O6
taur_c,C2H7NO3S
tcynt_c,CNS
td2coa_c,C35H56N7O17P3S
tdcoa_c,C35H58N7O17P3S
tddec2eACP_c,C23H41N2O8PRS
tdeACP_c,C25H45N2O8PRS
tdec2eACP_c,C21H37N2O8PRS
tdecoa_c,C35H56N7O17P3S
thdp_c,C7H7NO4
thex2eACP_c,C17H29N2O8PRS
thf_c,C19H21N7O6
thm_c,C12H17N4OS
thmmp_c,C12H16N4O4PS
thmnp_c,C9H15N5O4
thmpp_c,C12H16N4O7P2S
thptdn_c,C6H10N4
thr__L_c,C4H9NO3
thrtrna_c,C4H8NO2R
thym_c,C5H6N2O2
thymd_c,C10H14N2O5
tma_c,C3H10N
tmao_c,C3H9NO
tmrs2eACP_c,C25H45N2O8PRS
toct2eACP_c,C19H33N2O8PRS
toctd2eACP_c,C29H53N2O8PRS
tpalm2eACP_c,C27H49N2O8PRS
trdox_c,X
trdrd_c,XH2
tre_c,C12H22O11
tre6p_c,C12H21O14P
trnaala_c,R
trnaarg_c,R
trnaasn_c,C10H17O10PR2
trnaasp_c,R
trnacys_c,R
trnagln_c,R
trnaglu_c,R
trnagly_c,R
trnahis_c,R
trnaile_c,R
trnaleu_c,R
trnalys_c,R
trnamet_c,R
trnaphe_c,R
trnapro_c,R
trnasecys_c,R
trnaser_c,R
trnathr_c,R
trnatrp_c,R
trnatyr_c,R
trnaval_c,R
trp__L_c,C11H12N2O2
trptrna_c,C11H11N2OR
tsul_c,O3S2
ttdca_c,C14H27O2
ttdcap_c,C14H28O5P
ttdcea_c,C14H25O2
ttdceap_c,C14H26O5P
tungs_c,O4W1
tyr__L_c,C9H11NO3
tyrtrna_c,C9H10NO2R
u23ga_c,C43H75N3O20P2
u3aga_c,C31H51N3O19P2
u3hga_c,C29H50N3O18P2
uLa4fn_c,C61H99N1O8P1
uLa4n_c,C60H100N1O7P1
uaagmda_c,C95H152N8O28P2
uaccg_c,C20H26N3O19P2
uacgam_c,C17H25N3O17P2
uacmam_c,C17H25N3O17P2
uacmamu_c,C17H22N3O18P2
uagmda_c,C87H139N7O23P2
uama_c,C23H33N4O20P2
uamag_c,C28H39N5O23P2
uamr_c,C20H28N3O19P2
udcpdp_c,C55H89O7P2
udcpp_c,C55H89O4P
udp_c,C9H11N2O12P2
udpLa4fn_c,C15H21N3O16P2
udpLa4n_c,C14H22N3O15P2
udpLa4o_c,C14H18N2O16P2
udpg_c,C15H22N2O17P2
udpgal_c,C15H22N2O17P2
udpgalfur_c,C15H22N2O17P2
udpglcur_c,C15H19N2O18P2
ugmd_c,C35H51N7O26P2
ugmda_c,C41H61N9O28P2
um4p_c,C38H56N8O27P2
ump_c,C9H11N2O9P
unaga_c,C63H103NO12P2
unagamu_c,C71H113N2O18P2
unagamuf_c,C79H126N3O22P2
uppg3_c,C40H36N4O16
ura_c,C4H4N2O2
uracp_c,C4H6N2O4
urate_c,C5H4N4O3
urdglyc_c,C3H5N2O4
urea_c,CH4N2O
uri_c,C9H12N2O6
utp_c,C9H11N2O15P3
val__L_c,C5H11NO2
valtrna_c,C5H10NOR
wco_c,C10H10N5O8PS2W
xan_c,C5H4N4O2
xdp_c,C10H11N4O12P2
xmp_c,C10H11N4O9P
xtp_c,C10H11N4O15P3
xtsn_c,C10H12N4O6
xu5p__D_c,C5H9O8P
xu5p__L_c,C5H9O8P
xyl__D_c,C5H10O5
xylu__D_c,C5H10O5
xylu__L_c,C5H10O5
zn2_c,Zn
12ppd__R_e,C3H8O2
12ppd__S_e,C3H8O2
14glucan_e,C36H62O31
15dap_e,C5H16N2
23camp_e,C10H11N5O6P
23ccmp_e,C9H11N3O7P
23cgmp_e,C10H11N5O7P
23cump_e,C9H10N2O8P
23dappa_e,C3H9N2O2
26dap__M_e,C7H14N2O4
2ddglcn_e,C6H9O6
34dhpac_e,C8H8O3
3amp_e,C10H12N5O7P
3cmp_e,C9H12N3O8P
3gmp_e,C10H12N5O8P
3hcinnm_e,C9H7O3
3hpp_e,C3H5O3
3hpppn_e,C9H9O3
3ump_e,C9H11N2O9P
4abut_e,C4H9NO2
4hoxpacd_e,C8H8O2
5dglcn_e,C6H9O7
5mtr_e,C6H12O4S
LalaDglu_e,C8H13N2O5
LalaDgluMdap_e,C15H25N4O8
LalaDgluMdapDala_e,C18H30N5O9
LalaLglu_e,C8H13N2O5
ac_e,C2H3O2
acac_e,C4H5O3
acald_e,C2H4O
acgal_e,C8H15NO6
acgal1p_e,C8H14NO9P
acgam_e,C8H15NO6
acgam1p_e,C8H14NO9P
acmana_e,C8H15NO6
acmum_e,C11H18NO8
acnam_e,C11H18NO9
acolipa_e,C181H314N3O103P4
acser_e,C5H9NO4
ade_e,C5H5N5
adn_e,C10H13N5O4
adocbl_e,C72H100CoN18O17P
ag_e,Ag
agm_e,C5H16N4
akg_e,C5H4O5
ala_B_e,C3H7NO2
ala__D_e,C3H7NO2
ala__L_e,C3H7NO2
alaala_e,C6H12N2O3
all__D_e,C6H12O6
alltn_e,C4H6N4O3
amp_e,C10H12N5O7P
anhgm_e,C19H29N2O12
arab__L_e,C5H10O5
arbt_e,C12H16O7
arbtn_e,C22H33N4O13
arbtn_fe3_e,C22H33FeN4O13
arg__L_e,C6H15N4O2
ascb__L_e,C6H8O6
asn__L_e,C4H8N2O3
aso3_e,AsO3
asp__L_e,C4H6NO4
btn_e,C10H15N2O3S
but_e,C4H7O2
butso3_e,C4H9O3S
ca2_e,Ca
cbi_e,C48H72CoN11O8
cbl1_e,C62H88CoN13O14P
cd2_e,Cd
cgly_e,C5H10N2O3S
chol_e,C5H14NO
chtbs_e,C16H28N2O11
cit_e,C6H5O7
cl_e,Cl
cm_e,C11H12Cl2N2O5
cmp_e,C9H12N3O8P
co2_e,CO2
cobalt2_e,Co
colipa_e,C176H303N2O100P4
colipap_e,C176H303N2O103P5
cpgn_e,C35H52N6O13Fe
cpgn_un_e,C35H52N6O13
crn_e,C7H15NO3
crn__D_e,C7H15NO3
csn_e,C4H5N3O
cu_e,Cu
cu2_e,Cu
cyan_e,CHN
cynt_e,CNO
cys__D_e,C3H7NO2S
cys__L_e,C3H7NO2S
cytd_e,C9H13N3O5
dad_2_e,C10H13N5O3
damp_e,C10H12N5O6P
dca_e,C10H19O2
dcmp_e,C9H12N3O7P
dcyt_e,C9H13N3O4
ddca_e,C12H23O2
dgmp_e,C10H12N5O7P
dgsn_e,C10H13N5O4
dha_e,C3H6O3
dimp_e,C10H11N4O7P
din_e,C10H12N4O4
dms_e,C2H6S
dmso_e,C2H6OS
dopa_e,C8H12NO2
doxrbcn_e,C27H29NO11
dtmp_e,C10H13N2O8P
dump_e,C9H11N2O8P
duri_e,C9H12N2O5
eca4colipa_e,C272H447N14O160P4
enlipa_e,C112H202N3O42P3
enter_e,C30H27N3O15
etha_e,C2H8NO
ethso3_e,C2H5O3S
etoh_e,C2H6O
f6p_e,C6H11O9P
fald_e,CH2O
fe2_e,Fe
fe3_e,Fe
fe3dcit_e,C12H10FeO14
fe3dhbzs_e,C10H10NO6Fe
fe3hox_e,C9H18O6N3Fe
fe3hox_un_e,C9H18O6N3
fecrm_e,C27H42FeN9O12
fecrm_un_e,C27H42N9O12
feenter_e,C30H27FeN3O15
feoxam_e,C25H46FeN6O8
feoxam_un_e,C25H46N6O8
for_e,CH1O2
fru_e,C6H12O6
frulys_e,C12H25N2O7
fruur_e,C6H9O7
fuc__L_e,C6H12O5
fum_e,C4H2O4
fusa_e,C31H48O5
g1p_e,C6H11O9P
g3pc_e,C8H20NO6P
g3pe_e,C5H14NO6P
g3pg_e,C6H14O8P
g3pi_e,C9H18O11P
g3ps_e,C6H13NO8P
g6p_e,C6H11O9P
gal_e,C6H12O6
gal_bD_e,C6H12O6
gal1p_e,C6H11O9P
galct__D_e,C6H8O8
galctn__D_e,C6H11O7
galctn__L_e,C6H11O7
galt_e,C6H14O6
galur_e,C6H9O7
gam_e,C6H14NO5
gam6p_e,C6H13NO8P
gbbtn_e,C7H15NO2
gdp_e,C10H12N5O11P2
glc__D_e,C6H12O6
glcn_e,C6H11O7
glcr_e,C6H8O8
glcur_e,C6H9O7
glcur1p_e,C6H8O10P
gln__L_e,C5H10N2O3
glu__L_e,C5H8NO4
gly_e,C2H5NO2
glyald_e,C3H6O3
glyb_e,C5H11NO2
glyc_e,C3H8O3
glyc__R_e,C3H5O4
glyc2p_e,C3H7O6P
glyc3p_e,C3H7O6P
glyclt_e,C2H3O3
gmp_e,C10H12N5O8P
gsn_e,C10H13N5O5
gthox_e,C20H30N6O12S2
gthrd_e,C10H16N3O6S
gtp_e,C10H12N5O14P3
gua_e,C5H5N5O
h_e,H
h2_e,H2
h2o_e,H2O
h2o2_e,H2O2
h2s_e,H2S
hacolipa_e,C192H333N2O101P4
halipa_e,C126H226N2O40P2
hdca_e,C16H31O2
hdcea_e,C16H29O2
hg2_e,Hg
his__L_e,C6H9N3O2
hom__L_e,C4H9NO3
hxa_e,C6H11O2
hxan_e,C5H4N4O
idon__L_e,C6H11O7
ile__L_e,C6H13NO2
imp_e,C10H11N4O8P
indole_e,C8H7N
inost_e,C6H12O6
ins_e,C10H12N4O5
isetac_e,C2H5O4S
k_e,K
kdo2lipid4_e,C84H148N2O37P2
lac__D_e,C3H5O3
lac__L_e,C3H5O3
lcts_e,C12H22O11
leu__L_e,C6H13NO2
lipa_e,C110H196N2O39P2
lipa_cold_e,C114H202N2O39P2
lipoate_e,C8H14O2S2
lys__L_e,C6H15N2O2
lyx__L_e,C5H10O5
mal__D_e,C4H4O5
mal__L_e,C4H4O5
malt_e,C12H22O11
malthx_e,C36H62O31
maltpt_e,C30H52O26
malttr_e,C18H32O16
maltttr_e,C24H42O21
man_e,C6H12O6
man6p_e,C6H11O9P
manglyc_e,C9H15O9
melib_e,C12H22O11
meoh_e,CH4O1
met__D_e,C5H10NO2S
met__L_e,C5H11NO2S
metsox_R__L_e,C5H11NO3S
metsox_S__L_e,C5H11NO3S
mg2_e,Mg
mincyc_e,C23H27N3O7
minohp_e,C6H6O24P6
mmet_e,C6H14NO2S
mn2_e,Mn
mnl_e,C6H14O6
mobd_e,MoO4
mso3_e,CH3O3S
n2o_e,N2O
na1_e,Na
nac_e,C6H4NO2
nh4_e,H4N
ni2_e,Ni
nmn_e,C11H14N2O8P
no_e,NO
no2_e,NO2
no3_e,NO3
novbcn_e,C31H36N2O11
o16a4colipa_e,C312H523N6O200P4
o2_e,O2
o2s_e,O2
ocdca_e,C18H35O2
ocdcea_e,C18H33O2
octa_e,C8H15O2
orn_e,C5H13N2O2
orot_e,C5H3N2O4
pacald_e,C8H8O
peamn_e,C8H12N
phe__L_e,C9H11NO2
pheme_e,C34H30FeN4O4
pi_e,HO4P
pnto__R_e,C9H16NO5
ppa_e,C3H5O2
ppal_e,C3H6O
pppn_e,C9H9O2
ppt_e,HO3P
pro__L_e,C5H9NO2
progly_e,C7H12N2O3
psclys_e,C12H25N2O7
pser__L_e,C3H6NO6P
ptrc_e,C4H14N2
pydam_e,C8H13N2O2
pydx_e,C8H9NO3
pydxn_e,C8H11NO3
pyr_e,C3H3O3
quin_e,C7H12O6
r5p_e,C5H9O8P
rfamp_e,C43H58N4O12
rib__D_e,C5H10O5
rmn_e,C6H12O5
sbt__D_e,C6H14O6
sel_e,O4Se
ser__D_e,C3H7NO3
ser__L_e,C3H7NO3
skm_e,C7H9O5
slnt_e,O3Se
so2_e,O2S
so3_e,O3S
so4_e,O4S
spmd_e,C7H22N3
succ_e,C4H4O4
sucr_e,C12H22O11
sulfac_e,C2H2O5S
tartr__D_e,C4H4O6
tartr__L_e,C4H4O6
taur_e,C2H7NO3S
tcynt_e,CNS
thm_e,C12H17N4OS
thr__L_e,C4H9NO3
thrp_e,C4H8NO6P
thym_e,C5H6N2O2
thymd_e,C10H14N2O5
tma_e,C3H10N
tmao_e,C3H9NO
tre_e,C12H22O11
trp__L_e,C11H12N2O2
tsul_e,O3S2
ttdca_e,C14H27O2
ttdcea_e,C14H25O2
ttrcyc_e,C22H24N2O8
tungs_e,O4W1
tym_e,C8H12NO
tyr__L_e,C9H11NO3
tyrp_e,C9H10NO6P
uacgam_e,C17H25N3O17P2
udpacgal_e,C17H25N3O17P2
udpg_e,C15H22N2O17P2
udpgal_e,C15H22N2O17P2
udpglcur_e,C15H19N2O18P2
ump_e,C9H11N2O9P
ura_e,C4H4N2O2
urea_e,CH4N2O
uri_e,C9H12N2O6
val__L_e,C5H11NO2
xan_e,C5H4N4O2
xmp_e,C10H11N4O9P
xtsn_e,C10H12N4O6
xyl__D_e,C5H10O5
xylu__L_e,C5H10O5
zn2_e,Zn
12dgr120_p,C27H52O5
12dgr140_p,C31H60O5
12dgr141_p,C31H56O5
12dgr160_p,C35H68O5
12dgr161_p,C35H64O5
12dgr180_p,C39H76O5
12dgr181_p,C39H72O5
12ppd__R_p,C3H8O2
12ppd__S_p,C3H8O2
14glucan_p,C36H62O31
15dap_p,C5H16N2
1agpe120_p,C17H36NO7P1
1agpe140_p,C19H40NO7P1
1agpe141_p,C19H38NO7P1
1agpe160_p,C21H44NO7P1
1agpe161_p,C21H42NO7P1
1agpe180_p,C23H48NO7P1
1agpe181_p,C23H46NO7P1
1agpg120_p,C18H36O9P1
1agpg140_p,C20H40O9P1
1agpg141_p,C20H38O9P1
1agpg160_p,C22H44O9P1
1agpg161_p,C22H42O9P1
1agpg180_p,C24H48O9P1
1agpg181_p,C24H46O9P1
1ddecg3p_p,C15H29O7P1
1hdec9eg3p_p,C19H35O7P1
1hdecg3p_p,C19H37O7P1
1odec11eg3p_p,C21H39O7P1
1odecg3p_p,C21H41O7P1
1tdec7eg3p_p,C17H31O7P1
1tdecg3p_p,C17H33O7P1
23camp_p,C10H11N5O6P
23ccmp_p,C9H11N3O7P
23cgmp_p,C10H11N5O7P
23cump_p,C9H10N2O8P
23dappa_p,C3H9N2O2
26dap__M_p,C7H14N2O4
2agpe120_p,C17H36NO7P1
2agpe140_p,C19H40NO7P1
2agpe141_p,C19H38NO7P1
2agpe160_p,C21H44NO7P1
2agpe161_p,C21H42NO7P1
2agpe180_p,C23H48NO7P1
2agpe181_p,C23H46NO7P1
2agpg120_p,C18H36O9P1
2agpg140_p,C20H40O9P1
2agpg141_p,C20H38O9P1
2agpg160_p,C22H44O9P1
2agpg161_p,C22H42O9P1
2agpg180_p,C24H48O9P1
2agpg181_p,C24H46O9P1
2ddecg3p_p,C15H30O7P1
2ddglcn_p,C6H9O6
2hdec9eg3p_p,C19H36O7P1
2hdecg3p_p,C19H38O7P1
2odec11eg3p_p,C21H40O7P1
2odecg3p_p,C21H42O7P1
2tdec7eg3p_p,C17H32O7P1
2tdecg3p_p,C17H34O7P1
34dhpac_p,C8H8O3
3amp_p,C10H12N5O7P
3cmp_p,C9H12N3O8P
3gmp_p,C10H12N5O8P
3hcinnm_p,C9H7O3
3hpp_p,C3H5O3
3hpppn_p,C9H9O3
3ump_p,C9H11N2O9P
4abut_p,C4H9NO2
4hoxpacd_p,C8H8O2
5dglcn_p,C6H9O7
5mtr_p,C6H12O4S
LalaDglu_p,C8H13N2O5
LalaDgluMdap_p,C15H25N4O8
LalaDgluMdapDala_p,C18H30N5O9
LalaLglu_p,C8H13N2O5
ac_p,C2H3O2
acac_p,C4H5O3
acald_p,C2H4O
acgal_p,C8H15NO6
acgal1p_p,C8H14NO9P
acgam_p,C8H15NO6
acgam1p_p,C8H14NO9P
acmana_p,C8H15NO6
acmum_p,C11H18NO8
acnam_p,C11H18NO9
acolipa_p,C181H314N3O103P4
acser_p,C5H9NO4
ade_p,C5H5N5
adn_p,C10H13N5O4
adocbl_p,C72H100CoN18O17P
agm_p,C5H16N4
akg_p,C5H4O5
ala_B_p,C3H7NO2
ala__D_p,C3H7NO2
ala__L_p,C3H7NO2
alaala_p,C6H12N2O3
all__D_p,C6H12O6
alltn_p,C4H6N4O3
alpp_p,X
amp_p,C10H12N5O7P
anhgm_p,C19H29N2O12
anhgm3p_p,C34H52N6O19
anhgm4p_p,C37H57N7O20
arab__L_p,C5H10O5
arbt_p,C12H16O7
arbtn_p,C22H33N4O13
arbtn_fe3_p,C22H33FeN4O13
arg__L_p,C6H15N4O2
ascb__L_p,C6H8O6
asn__L_p,C4H8N2O3
aso3_p,AsO3
asp__L_p,C4H6NO4
btn_p,C10H15N2O3S
but_p,C4H7O2
butso3_p,C4H9O3S
ca2_p,Ca
cbi_p,C48H72CoN11O8
cbl1_p,C62H88CoN13O14P
cd2_p,Cd
cgly_p,C5H10N2O3S
chol_p,C5H14NO
chtbs_p,C16H28N2O11
cit_p,C6H5O7
cl_p,Cl
clpn120_p,C57H108O17P2
clpn140_p,C65H124O17P2
clpn141_p,C65H116O17P2
clpn160_p,C73H140O17P2
clpn161_p,C73H132O17P2
clpn180_p,C81H156O17P2
clpn181_p,C81H148O17P2
cm_p,C11H12Cl2N2O5
cmp_p,C9H12N3O8P
co2_p,CO2
cobalt2_p,Co
colipa_p,C176H303N2O100P4
colipap_p,C176H303N2O103P5
cpgn_p,C35H52N6O13Fe
cpgn_un_p,C35H52N6O13
crn_p,C7H15NO3
crn__D_p,C7H15NO3
csn_p,C4H5N3O
ctbt_p,C7H13NO2
cu_p,Cu
cu2_p,Cu
cyan_p,CHN
cynt_p,CNO
cys__D_p,C3H7NO2S
cys__L_p,C3H7NO2S
cytd_p,C9H13N3O5
dad_2_p,C10H13N5O3
damp_p,C10H12N5O6P
dca_p,C10H19O2
dcmp_p,C9H12N3O7P
dcyt_p,C9H13N3O4
ddca_p,C12H23O2
dgmp_p,C10H12N5O7P
dgsn_p,C10H13N5O4
dha_p,C3H6O3
dimp_p,C10H11N4O7P
din_p,C10H12N4O4
dms_p,C2H6S
dmso_p,C2H6OS
dopa_p,C8H12NO2
doxrbcn_p,C27H29NO11
dsbaox_p,X
dsbard_p,XH2
dsbcox_p,X
dsbcrd_p,XH2
dsbgox_p,X
dsbgrd_p,XH2
dtmp_p,C10H13N2O8P
dump_p,C9H11N2O8P
duri_p,C9H12N2O5
eca2und_p,C103H162N6O37P2
eca3und_p,C127H198N9O52P2
eca4colipa_p,C272H447N14O160P4
eca4und_p,C151H234N12O67P2
enlipa_p,C112H202N3O42P3
enter_p,C30H27N3O15
etha_p,C2H8NO
ethso3_p,C2H5O3S
etoh_p,C2H6O
f6p_p,C6H11O9P
fald_p,CH2O
fe2_p,Fe
fe3_p,Fe
fe3dcit_p,C12H10FeO14
fe3dhbzs_p,C10H10NO6Fe
fe3hox_p,C9H18O6N3Fe
fe3hox_un_p,C9H18O6N3
fecrm_p,C27H42FeN9O12
fecrm_un_p,C27H42N9O12
feenter_p,C30H27FeN3O15
feoxam_p,C25H46FeN6O8
feoxam_un_p,C25H46N6O8
for_p,CH1O2
fru_p,C6H12O6
frulys_p,C12H25N2O7
fruur_p,C6H9O7
fuc__L_p,C6H12O5
fum_p,C4H2O4
fusa_p,C31H48O5
g1p_p,C6H11O9P
g3pc_p,C8H20NO6P
g3pe_p,C5H14NO6P
g3pg_p,C6H14O8P
g3pi_p,C9H18O11P
g3ps_p,C6H13NO8P
g6p_p,C6H11O9P
gal_p,C6H12O6
gal_bD_p,C6H12O6
gal1p_p,C6H11O9P
galct__D_p,C6H8O8
galctn__D_p,C6H11O7
galctn__L_p,C6H11O7
galt_p,C6H14O6
galur_p,C6H9O7
gam_p,C6H14NO5
gam6p_p,C6H13NO8P
gbbtn_p,C7H15NO2
gdp_p,C10H12N5O11P2
glc__D_p,C6H12O6
glcn_p,C6H11O7
glcr_p,C6H8O8
glcur_p,C6H9O7
glcur1p_p,C6H8O10P
gln__L_p,C5H10N2O3
glu__L_p,C5H8NO4
gly_p,C2H5NO2
glyald_p,C3H6O3
glyb_p,C5H11NO2
glyc_p,C3H8O3
glyc__R_p,C3H5O4
glyc2p_p,C3H7O6P
glyc3p_p,C3H7O6P
glyclt_p,C2H3O3
gmp_p,C10H12N5O8P
gsn_p,C10H13N5O5
gthox_p,C20H30N6O12S2
gthrd_p,C10H16N3O6S
gtp_p,C10H12N5O14P3
gua_p,C5H5N5O
h_p,H
h2_p,H2
h2o_p,H2O
h2o2_p,H2O2
h2s_p,H2S
hdca_p,C16H31O2
hdcea_p,C16H29O2
hg2_p,Hg
his__L_p,C6H9N3O2
hom__L_p,C4H9NO3
hxa_p,C6H11O2
hxan_p,C5H4N4O
idon__L_p,C6H11O7
ile__L_p,C6H13NO2
imp_p,C10H11N4O8P
indole_p,C8H7N
inost_p,C6H12O6
ins_p,C10H12N4O5
isetac_p,C2H5O4S
k_p,K
kdo2lipid4_p,C84H148N2O37P2
lac__D_p,C3H5O3
lac__L_p,C3H5O3
lcts_p,C12H22O11
leu__L_p,C6H13NO2
lipa_p,C110H196N2O39P2
lipa_cold_p,C114H202N2O39P2
lipoate_p,C8H14O2S2
lpp_p,XC16H30O1
lys__L_p,C6H15N2O2
lyx__L_p,C5H10O5
mal__D_p,C4H4O5
mal__L_p,C4H4O5
malt_p,C12H22O11
malthx_p,C36H62O31
maltpt_p,C30H52O26
malttr_p,C18H32O16
maltttr_p,C24H42O21
man_p,C6H12O6
man6p_p,C6H11O9P
manglyc_p,C9H15O9
melib_p,C12H22O11
meoh_p,CH4O1
met__D_p,C5H10NO2S
met__L_p,C5H11NO2S
metsox_R__L_p,C5H11NO3S
metsox_S__L_p,C5H11NO3S
mg2_p,Mg
mincyc_p,C23H27N3O7
minohp_p,C6H6O24P6
mmet_p,C6H14NO2S
mn2_p,Mn
mnl_p,C6H14O6
mobd_p,MoO4
mso3_p,CH3O3S
murein3p3p_p,C68H104N12O38
murein3px3p_p,C68H102N12O37
murein3px4p_p,C71H107N13O38
murein4p3p_p,C71H109N13O39
murein4p4p_p,C74H114N14O40
murein4px4p_p,C74H112N14O39
murein4px4p4p_p,C111H169N21O59
murein4px4px4p_p,C111H167N21O58
murein5p3p_p,C74H114N14O40
murein5p4p_p,C77H119N15O41
murein5p5p_p,C80H124N16O42
murein5p5p5p_p,C120H186N24O63
murein5px3p_p,C74H112N14O39
murein5px4p_p,C77H117N15O40
murein5px4px4p_p,C114H172N22O59
n2o_p,N2O
na1_p,Na
nac_p,C6H4NO2
nh4_p,H4N
ni2_p,Ni
nmn_p,C11H14N2O8P
no_p,NO
no2_p,NO2
no3_p,NO3
novbcn_p,C31H36N2O11
o16a2und_p,C123H200N2O57P2
o16a3und_p,C157H255N3O82P2
o16a4colipa_p,C312H523N6O200P4
o16a4und_p,C191H310N4O107P2
o16aund_p,C89H145N1O32P2
o2_p,O2
o2s_p,O2
ocdca_p,C18H35O2
ocdcea_p,C18H33O2
octa_p,C8H15O2
orn_p,C5H13N2O2
orot_p,C5H3N2O4
pa120_p,C27H51O8P1
pa140_p,C31H59O8P1
pa141_p,C31H55O8P1
pa160_p,C35H67O8P1
pa161_p,C35H63O8P1
pa180_p,C39H75O8P1
pa181_p,C39H71O8P1
pacald_p,C8H8O
pe120_p,C29H58N1O8P1
pe140_p,C33H66N1O8P1
pe141_p,C33H62N1O8P1
pe160_p,C37H74N1O8P1
pe161_p,C37H70N1O8P1
pe180_p,C41H82N1O8P1
pe181_p,C41H78N1O8P1
peamn_p,C8H12N
pg120_p,C30H58O10P1
pg140_p,C34H66O10P1
pg141_p,C34H62O10P1
pg160_p,C38H74O10P1
pg161_p,C38H70O10P1
pg180_p,C42H82O10P1
pg181_p,C42H78O10P1
pgp120_p,C30H57O13P2
pgp140_p,C34H65O13P2
pgp141_p,C34H61O13P2
pgp160_p,C38H73O13P2
pgp161_p,C38H69O13P2
pgp180_p,C42H81O13P2
pgp181_p,C42H77O13P2
phe__L_p,C9H11NO2
pheme_p,C34H30FeN4O4
pi_p,HO4P
pnto__R_p,C9H16NO5
ppa_p,C3H5O2
ppal_p,C3H6O
pppn_p,C9H9O2
ppt_p,HO3P
pro__L_p,C5H9NO2
progly_p,C7H12N2O3
psclys_p,C12H25N2O7
pser__L_p,C3H6NO6P
ptrc_p,C4H14N2
pydam_p,C8H13N2O2
pydx_p,C8H9NO3
pydxn_p,C8H11NO3
pyr_p,C3H3O3
quin_p,C7H12O6
r5p_p,C5H9O8P
rfamp_p,C43H58N4O12
rib__D_p,C5H10O5
rmn_p,C6H12O5
sbt__D_p,C6H14O6
sel_p,O4Se
ser__D_p,C3H7NO3
ser__L_p,C3H7NO3
skm_p,C7H9O5
slnt_p,O3Se
so2_p,O2S
so3_p,O3S
so4_p,O4S
spmd_p,C7H22N3
succ_p,C4H4O4
sucr_p,C12H22O11
sulfac_p,C2H2O5S
tartr__D_p,C4H4O6
tartr__L_p,C4H4O6
taur_p,C2H7NO3S
tcynt_p,CNS
thm_p,C12H17N4OS
thr__L_p,C4H9NO3
thrp_p,C4H8NO6P
thym_p,C5H6N2O2
thymd_p,C10H14N2O5
tma_p,C3H10N
tmao_p,C3H9NO
tre_p,C12H22O11
trp__L_p,C11H12N2O2
tsul_p,O3S2
ttdca_p,C14H27O2
ttdcea_p,C14H25O2
ttrcyc_p,C22H24N2O8
tungs_p,O4W1
tym_p,C8H12NO
tyr__L_p,C9H11NO3
tyrp_p,C9H10NO6P
uLa4n_p,C60H100N1O7P1
uacgam_p,C17H25N3O17P2
udcpdp_p,C55H89O7P2
udcpp_p,C55H89O4P
udpacgal_p,C17H25N3O17P2
udpg_p,C15H22N2O17P2
udpgal_p,C15H22N2O17P2
udpglcur_p,C15H19N2O18P2
ump_p,C9H11N2O9P
unagamuf_p,C79H126N3O22P2
ura_p,C4H4N2O2
urea_p,CH4N2O
uri_p,C9H12N2O6
val__L_p,C5H11NO2
xan_p,C5H4N4O2
xmp_p,C10H11N4O9P
xtsn_p,C10H12N4O6
xyl__D_p,C5H10O5
xylu__L_p,C5H10O5
zn2_p,Zn
ala-B_0.3750.1,C3H7NO2
aa,C3H5NO
h2o,H2O
3hpp,C3H6O3
nh4,H4N
acryl,C3H4O2
b2coa_0.0091.2,C24H38N7O17P3S
succ,C4H6O4
succoa,C25H40N7O19P3S
ppcoa,C24H40N7O17P3S
o2,O2
h2o2,H2O2
ac,C2H4O2
accoa,C23H38N7O17P3S
coa,C21H36N7O16P3S
oxam_0.5000.1,C3H5NO2
nadh,C21H29N7O14P2
h,H
nad,C21H28N7O14P2
op4en_0.3548.2,C3H4O3
pep,C3H5O6P
pi,H3O4P
glyc-R,C3H6O4
glyald_0.4074.2,C3H7NO3
acrlcoa,C24H38N7O17P3S
laccoa,C24H40N7O18P3S
lac-L,C3H6O3
atp,C10H16N5O13P3
adp,C10H15N5O10P2
acac_0.2813.1,C5H6O3
alac-S,C5H8O4
acald_0.3750.1,C3H4O
lald-D,C3H6O2
nadph,C21H30N7O17P3
nadp,C21H29N7O17P3
fum_0.0870.2,C4H4O3
co2,CO2
aspsa,C4H7NO3
2aobut_0.1026.2,C5H9NO3
ala-D,C3H7NO2
3amac_0.4615.1,C4H6O2
meoh,CH4O
lac-D_0.2692.2,C4H8O3
lac-D,C3H6O3
amet,C15H22N6O5S
ahcys,C14H20N6O5S
chtbs_0.2365.1,C11H17NO7
udp,C9H14N2O12P2
uacgam,C17H27N3O17P2
chtbs_0.1827.2,C11H20N2O7
acgal,C8H15NO6
ala-B,C3H7NO2
acgam6p,C8H16NO9P
uacmam,C17H27N3O17P2
ppa_0.3158.2,C4H6O2
ppcoa_0.0137.3,C25H40N7O17P3S
btcoa,C25H42N7O17P3S
3hbcoa,C25H42N7O18P3S
msa,C3H4O3
mlthf,C20H23N7O6
thf,C19H23N7O6
mal-D,C4H6O5
oaa,C4H4O5
glx,C2H2O3
fum,C4H4O4
3hpp_0.2667.1,C3H6O2
glyc,C3H8O3
fald,CH2O
glyclt,C2H4O3
hpyr,C3H4O4
gcald,C2H4O2
glyald,C3H6O3
2pglyc,C2H5O6P
2pg,C3H7O7P
3hppcoa,C24H40N7O18P3S
ppal,C3H6O
ppoh,C3H8O
ppa,C3H6O2
ppap,C3H7O5P
sucsal,C4H6O3
12ppd-R,C3H8O2
appl,C3H9NO
ghb,C4H8O3
2obut,C4H6O3
ppal_0.2500.1,C3H6O
2ppoh,C3H8O
mmcoa-S,C25H40N7O19P3S
aacoa,C25H40N7O18P3S
btal,C4H8O
btoh,C4H10O
but,C4H8O2
2opntn,C5H8O3
ppal_0.2222.1,C4H8O
ibutoh,C4H10O
3mob,C5H8O3
glyc_0.4118.1,C5H12O2
pant-R_0.0001.2,C6H12O4
2dhp,C6H10O4
3c4mop_0.3200.1,C7H12O4
malcoa,C24H38N7O19P3S
2mcit_0.2941.2,C7H14O4
2mcit_0.0392.3,C8H14O6
ppa_0.1875.2,C4H8O2
23dhmb_0.1212.3,C5H10O3
13ppd,C3H8O2
etoh_0.3750.1,C3H6O
mal-D_0.1212.1,C4H8O4
mal-D_0.1212.2,C4H6O4
ppal_0.1250.2,C3H4O2
ppap_0.1429.2,C3H7O6P
12ppd,C3H8O2
acetol,C3H6O2
but_0.2778.1,C4H8O2
14btd,C4H10O2
btal_0.1000.2,C4H6O2
4abutn,C4H9NO
btcoa_0.0069.3,C25H40N7O18P3S
btcoa_0.0046.2,C25H42N7O18P3S
acetol_0.3333.1,C4H8O2
btd,C4H10O2
btal_0.2500.1,C5H10O
3mbtoh,C5H12O
4mop,C6H10O3
2mbtoh,C5H12O
3mop,C6H10O3
val-L,C5H11NO2
3c3hmp_0.0652.1,C6H10O5
3hpt,C5H10O3
2mcit,C7H10O7
glyald_0.4545.1,C5H10O2
3hhcoa_0.0023.2,C26H44N7O18P3S
3hhcoa,C27H46N7O18P3S
akg,C5H6O5
athr-L,C4H9NO3
aspsa_0.1515.1,C4H9NO2
glu-D,C5H9NO4
3hb,C4H8O3
pacald,C8H8O
2phetoh,C8H10O
phpyr,C9H8O3
4hoxpacd,C8H8O2
34hpp,C9H8O4
tym_0.2542.1,C8H10O2
