id,BiGG_Status,formula,Model status,Reaction,Pathway,InChI
ala_B,Beta-Alanine,'C3H7NO2',"Found in iJO1366, iMM904","0, 1, 34",,"'InChI=1S/C3H7NO2/c4-3(6)1-2-5/h5H,1-2H2,(H2,4,6)'"
aa,Acrylamide,'C3H5NO',Not found in any model,,,"'InChI=1S/C3H5NO/c1-2-3(4)5/h2H,1H2,(H2,4,5)'"
h2o,H2O H2O,'H2O',"Found in iJO1366, iMM904","0, 1, 2, 6, 7, 8, 9, 10, 11, 12, 14, 17, 18, 19, 20, 21, 22, 29, 30, 34, 35, 37, 41, 42, 45, 49, 51, 52, 53, 54, 56, 58, 62, 64, 65, 67, 69, 72, 73, 79, 84, 89, 95, 98, 99, 112, 113, 114, 117, 119, 120, 122, 123, 124, 127, 131, 132, 134, 136, 144, 145, 148, 150, 151, 153, 154, 156, 168, 169, 170, 172, 174, 180, 182, 185, 193, 195, 197","[45], [46, 49], [46, 51], [52, 53], [52, 53], [54, 53], [54, 53], [55, 56, 57], [58, 3, 4], [58, 5, 4], [58, 6, 4], [58, 6, 4], [55, 56, 59, 60], [55, 56, 61, 60], [55, 56, 62, 63], [55, 56, 62, 63], [55, 56, 64, 63], [55, 56, 64, 63], [55, 56, 65, 66], [55, 56, 65, 66], [67, 68, 15], [67, 69, 14, 15], [67, 69, 14, 15], [67, 69, 14, 15], [67, 69, 70], [67, 69, 70], [197, 13, 14, 15], [197, 13, 14, 15], [197, 16, 14, 15], [197, 16, 14, 15], [197, 17, 14, 15], [197, 17, 14, 15], [197, 17, 14, 15], [118, 119], [118, 120], [121, 119], [121, 120], [118, 122], [121, 122], [118, 53], [121, 53], [123, 124], [123, 124], [125, 126, 127, 49], [125, 126, 127, 49], [125, 128, 127, 49], [125, 128, 127, 49], [125, 126, 127, 50], [125, 128, 127, 50], [125, 126, 127, 51], [125, 126, 127, 51], [125, 128, 127, 51], [125, 128, 127, 51], [118, 129, 127, 47], [118, 129, 127, 48], [121, 129, 127, 47], [121, 129, 127, 48], [118, 129, 127, 49], [118, 129, 127, 49], [121, 129, 127, 49], [121, 129, 127, 49], [118, 129, 127, 50], [121, 129, 127, 50], [118, 129, 127, 51], [118, 129, 127, 51], [121, 129, 127, 51], [121, 129, 127, 51], [118, 130, 131], [118, 130, 132], [118, 133, 131], [118, 133, 132], [121, 130, 131], [121, 130, 132], [121, 133, 131], [121, 133, 132], [118, 130, 134], [118, 133, 134], [121, 130, 134], [121, 133, 134], [118, 135, 136], [118, 137, 136], [121, 135, 136], [121, 137, 136]",'InChI=1S/H2O/h1H2'
3hpp,3-Hydroxypropanoate,'C3H6O3',Found in iJO1366,"1, 43, 44, 45, 46, 52, 54, 55, 58, 67, 119, 120, 136, 197","[43], [44], [45], [46, 47], [46, 48], [46, 49], [46, 50], [46, 51], [52, 53], [54, 53], [55, 56, 57], [58, 3, 4], [58, 5, 4], [58, 6, 4], [55, 56, 59, 60], [55, 56, 61, 60], [55, 56, 62, 63], [55, 56, 64, 63], [55, 56, 65, 66], [67, 68, 15], [67, 69, 14, 15], [67, 69, 70], [197, 13, 14, 15], [197, 16, 14, 15], [197, 17, 14, 15], [118, 119], [118, 120], [121, 119], [121, 120], [118, 135, 136], [118, 137, 136], [121, 135, 136], [121, 137, 136]","'InChI=1S/C3H6O3/c4-2-1-3(5)6/h4H,1-2H2,(H,5,6)'"
nh4,Ammonium,'H4N',"Found in iJO1366, iMM904","1, 2, 8, 12, 26, 27, 33, 80, 148, 168, 169, 179, 180, 182",,'InChI=1S/H3N/h1H3/p+1'
acryl,Acrylic acid,'C3H4O2',Not found in any model,"13, 16, 17, 197","[197, 13, 14, 15], [197, 13, 14, 15], [197, 16, 14, 15], [197, 16, 14, 15], [197, 17, 14, 15], [197, 17, 14, 15]","'InChI=1S/C3H4O2/c1-2-3(4)5/h2H,1H2,(H,4,5)'"
b2coa,Crotonoyl-CoA,'C24H38N7O17P3S',Found in iJO1366,"3, 4, 5, 6, 23, 24","[58, 3, 4], [58, 3, 4], [58, 5, 4], [58, 5, 4], [58, 6, 4], [58, 6, 4]","'InChI=1/C24H38N7O17P3S/c1-4-15(33)52-8-7-26-14(32)5-6-27-22(36)19(35)24(2,3)10-45-51(42,43)48-50(40,41)44-9-13-18(47-49(37,38)39)17(34)23(46-13)31-12-30-16-20(25)28-11-29-21(16)31/h4,11-13,17-19,23,34-35H,1,5-10H2,2-3H3,(H,26,32)(H,27,36)(H,40,41)(H,42,43)(H2,25,28,29)(H2,37,38,39)'"
succ,Succinate,'C4H6O4',"Found in iJO1366, iMM904","3, 13, 38, 87, 96, 183","[58, 3, 4], [197, 13, 14, 15]","'InChI=1S/C4H6O4/c5-3(6)1-2-4(7)8/h1-2H2,(H,5,6)(H,7,8)'"
succoa,Succinyl-CoA,'C25H40N7O19P3S',Found in iJO1366,"3, 13, 38, 87, 96, 150, 151, 183","[58, 3, 4], [197, 13, 14, 15]","'InChI=1/C25H40N7O19P3S/c1-25(2,20(38)23(39)28-6-5-14(33)27-7-8-55-16(36)4-3-15(34)35)10-48-54(45,46)51-53(43,44)47-9-13-19(50-52(40,41)42)18(37)24(49-13)32-12-31-17-21(26)29-11-30-22(17)32/h11-13,18-20,24,37-38H,3-10H2,1-2H3,(H,27,33)(H,28,39)(H,34,35)(H,43,44)(H,45,46)(H2,26,29,30)(H2,40,41,42)/t13-,18-,19-,20?,24-/s2'"
ppcoa,Propanoyl-CoA,'C24H40N7O17P3S',Found in iJO1366,"4, 70, 75, 76, 86, 177","[58, 3, 4], [58, 5, 4], [58, 6, 4], [67, 69, 70]","'InChI=1/C24H40N7O17P3S/c1-4-15(33)52-8-7-26-14(32)5-6-27-22(36)19(35)24(2,3)10-45-51(42,43)48-50(40,41)44-9-13-18(47-49(37,38)39)17(34)23(46-13)31-12-30-16-20(25)28-11-29-21(16)31/h11-13,17-19,23,34-35H,4-10H2,1-3H3,(H,26,32)(H,27,36)(H,40,41)(H,42,43)(H2,25,28,29)(H2,37,38,39)/t13-,17-,18-,19?,23-/s2'"
o2,O2 O2,'O2',"Found in iJO1366, iMM904","4, 37, 39, 70, 110, 114, 122, 148, 153, 154, 169, 182","[58, 3, 4], [58, 5, 4], [58, 6, 4], [67, 69, 70], [118, 122], [121, 122]",'InChI=1S/O2/c1-2'
h2o2,Hydrogen peroxide,'H2O2',"Found in iJO1366, iMM904","4, 39, 70, 110, 148, 169, 182","[58, 3, 4], [58, 5, 4], [58, 6, 4], [67, 69, 70]",'InChI=1S/H2O2/c1-2/h1-2H'
ac,Acetate,'C2H4O2',"Found in iJO1366, iMM904","5, 16, 18, 40, 45, 50, 55, 56, 88, 97, 158, 184","[45], [46, 50], [55, 56, 57], [55, 56, 57], [58, 5, 4], [55, 56, 59, 60], [55, 56, 59, 60], [55, 56, 61, 60], [55, 56, 61, 60], [55, 56, 62, 63], [55, 56, 62, 63], [55, 56, 64, 63], [55, 56, 64, 63], [55, 56, 65, 66], [55, 56, 65, 66], [197, 16, 14, 15], [125, 126, 127, 50], [125, 128, 127, 50], [118, 129, 127, 50], [121, 129, 127, 50]","'InChI=1S/C2H4O2/c1-2(3)4/h1H3,(H,3,4)'"
accoa,Acetyl-CoA,'C23H38N7O17P3S',"Found in iJO1366, iMM904","5, 16, 28, 40, 49, 88, 97, 112, 158, 172, 184","[46, 49], [58, 5, 4], [197, 16, 14, 15], [125, 126, 127, 49], [125, 128, 127, 49], [118, 129, 127, 49], [121, 129, 127, 49]","'InChI=1/C23H38N7O17P3S/c1-12(31)51-7-6-25-14(32)4-5-26-21(35)18(34)23(2,3)9-44-50(41,42)47-49(39,40)43-8-13-17(46-48(36,37)38)16(33)22(45-13)30-11-29-15-19(24)27-10-28-20(15)30/h10-11,13,16-18,22,33-34H,4-9H2,1-3H3,(H,25,32)(H,26,35)(H,39,40)(H,41,42)(H2,24,27,28)(H2,36,37,38)/t13-,16-,17-,18?,22-/s2'"
coa,Coenzyme A,'C21H36N7O16P3S',"Found in iJO1366, iMM904","6, 15, 17, 23, 24, 28, 42, 49, 67, 75, 76, 89, 92, 93, 99, 101, 109, 112, 149, 152, 155, 156, 157, 172, 175, 177, 185","[46, 49], [58, 6, 4], [67, 68, 15], [67, 68, 15], [67, 69, 14, 15], [67, 69, 14, 15], [67, 69, 70], [197, 13, 14, 15], [197, 16, 14, 15], [197, 17, 14, 15], [197, 17, 14, 15], [125, 126, 127, 49], [125, 128, 127, 49], [118, 129, 127, 49], [121, 129, 127, 49]","'InChI=1/C21H36N7O16P3S/c1-21(2,16(31)19(32)24-4-3-12(29)23-5-6-48)8-41-47(38,39)44-46(36,37)40-7-11-15(43-45(33,34)35)14(30)20(42-11)28-10-27-13-17(22)25-9-26-18(13)28/h9-11,14-16,20,30-31,48H,3-8H2,1-2H3,(H,23,29)(H,24,32)(H,36,37)(H,38,39)(H2,22,25,26)(H2,33,34,35)/t11-,14-,15-,16?,20-/s2'"
oxam,Oxamate,'C3H5NO2',Found in iJO1366,"7, 8, 11",,"'InChI=1S/C3H5NO2/c1-2(5)3(4)6/h5H,1H2,(H2,4,6)'"
nadh,Nicotinamide adenine dinucleotide - reduced,'C21H29N7O14P2',"Found in iJO1366, iMM904","7, 20, 21, 23, 43, 47, 52, 56, 59, 62, 71, 72, 75, 77, 83, 91, 92, 95, 101, 102, 107, 113, 115, 118, 119, 126, 130, 131, 135, 138, 140, 142, 143, 144, 149, 150, 153, 155, 159, 162, 165, 168, 174, 175, 177, 180, 186, 188, 190","[43], [46, 47], [52, 53], [55, 56, 57], [55, 56, 59, 60], [55, 56, 59, 60], [55, 56, 61, 60], [55, 56, 62, 63], [55, 56, 62, 63], [55, 56, 64, 63], [55, 56, 65, 66], [118, 119], [118, 119], [118, 120], [121, 119], [118, 122], [118, 53], [125, 126, 127, 49], [125, 126, 127, 50], [125, 126, 127, 51], [118, 129, 127, 47], [118, 129, 127, 47], [118, 129, 127, 48], [121, 129, 127, 47], [118, 129, 127, 49], [118, 129, 127, 50], [118, 129, 127, 51], [118, 130, 131], [118, 130, 131], [118, 130, 131], [118, 130, 132], [118, 130, 132], [118, 133, 131], [118, 133, 131], [118, 133, 132], [121, 130, 131], [121, 130, 131], [121, 130, 132], [121, 133, 131], [118, 130, 134], [118, 130, 134], [118, 133, 134], [121, 130, 134], [118, 135, 136], [118, 135, 136], [118, 137, 136], [121, 135, 136]","'InChI=1/C21H29N7O14P2/c22-17-12-19(25-7-24-17)28(8-26-12)21-16(32)14(30)11(41-21)6-39-44(36,37)42-43(34,35)38-5-10-13(29)15(31)20(40-10)27-3-1-2-9(4-27)18(23)33/h1,3-4,7-8,10-11,13-16,20-21,29-32H,2,5-6H2,(H2,23,33)(H,34,35)(H,36,37)(H2,22,24,25)/t10-,11-,13-,14-,15-,16-,20-,21-/s2'"
h,H+,'H',"Found in iJO1366, iMM904","7, 20, 21, 23, 24, 43, 44, 47, 48, 52, 54, 56, 59, 61, 62, 64, 71, 72, 73, 74, 75, 76, 77, 83, 85, 91, 92, 93, 94, 95, 98, 102, 104, 107, 108, 113, 115, 116, 117, 118, 119, 120, 121, 126, 127, 128, 130, 131, 132, 133, 135, 137, 138, 139, 140, 141, 142, 143, 144, 145, 146, 147, 149, 150, 151, 152, 155, 157, 159, 161, 162, 164, 165, 167, 174, 175, 186, 187, 188, 189, 190, 192, 196","[43], [44], [46, 47], [46, 48], [52, 53], [54, 53], [55, 56, 57], [55, 56, 59, 60], [55, 56, 59, 60], [55, 56, 61, 60], [55, 56, 61, 60], [55, 56, 62, 63], [55, 56, 62, 63], [55, 56, 64, 63], [55, 56, 64, 63], [55, 56, 65, 66], [118, 119], [118, 119], [118, 120], [118, 120], [121, 119], [121, 119], [121, 120], [121, 120], [118, 122], [121, 122], [118, 53], [121, 53], [125, 126, 127, 49], [125, 126, 127, 49], [125, 128, 127, 49], [125, 128, 127, 49], [125, 126, 127, 50], [125, 126, 127, 50], [125, 128, 127, 50], [125, 128, 127, 50], [125, 126, 127, 51], [125, 126, 127, 51], [125, 128, 127, 51], [125, 128, 127, 51], [118, 129, 127, 47], [118, 129, 127, 47], [118, 129, 127, 47], [118, 129, 127, 48], [118, 129, 127, 48], [118, 129, 127, 48], [121, 129, 127, 47], [121, 129, 127, 47], [121, 129, 127, 47], [121, 129, 127, 48], [121, 129, 127, 48], [121, 129, 127, 48], [118, 129, 127, 49], [118, 129, 127, 49], [121, 129, 127, 49], [121, 129, 127, 49], [118, 129, 127, 50], [118, 129, 127, 50], [121, 129, 127, 50], [121, 129, 127, 50], [118, 129, 127, 51], [118, 129, 127, 51], [121, 129, 127, 51], [121, 129, 127, 51], [118, 130, 131], [118, 130, 131], [118, 130, 131], [118, 130, 132], [118, 130, 132], [118, 130, 132], [118, 133, 131], [118, 133, 131], [118, 133, 131], [118, 133, 132], [118, 133, 132], [118, 133, 132], [121, 130, 131], [121, 130, 131], [121, 130, 131], [121, 130, 132], [121, 130, 132], [121, 130, 132], [121, 133, 131], [121, 133, 131], [121, 133, 131], [121, 133, 132], [121, 133, 132], [121, 133, 132], [118, 130, 134], [118, 130, 134], [118, 133, 134], [118, 133, 134], [121, 130, 134], [121, 130, 134], [121, 133, 134], [121, 133, 134], [118, 135, 136], [118, 135, 136], [118, 137, 136], [118, 137, 136], [121, 135, 136], [121, 135, 136], [121, 137, 136], [121, 137, 136]",'InChI=1S/p+1'
nad,Nicotinamide adenine dinucleotide,'C21H28N7O14P2',"Found in iJO1366, iMM904","7, 20, 21, 23, 43, 47, 52, 56, 59, 62, 71, 72, 75, 77, 83, 91, 92, 95, 101, 102, 107, 113, 115, 118, 119, 126, 130, 131, 135, 138, 140, 142, 143, 144, 149, 150, 153, 155, 159, 162, 165, 168, 174, 175, 177, 180, 186, 188, 190","[43], [46, 47], [52, 53], [55, 56, 57], [55, 56, 59, 60], [55, 56, 59, 60], [55, 56, 61, 60], [55, 56, 62, 63], [55, 56, 62, 63], [55, 56, 64, 63], [55, 56, 65, 66], [118, 119], [118, 119], [118, 120], [121, 119], [118, 122], [118, 53], [125, 126, 127, 49], [125, 126, 127, 50], [125, 126, 127, 51], [118, 129, 127, 47], [118, 129, 127, 47], [118, 129, 127, 48], [121, 129, 127, 47], [118, 129, 127, 49], [118, 129, 127, 50], [118, 129, 127, 51], [118, 130, 131], [118, 130, 131], [118, 130, 131], [118, 130, 132], [118, 130, 132], [118, 133, 131], [118, 133, 131], [118, 133, 132], [121, 130, 131], [121, 130, 131], [121, 130, 132], [121, 133, 131], [118, 130, 134], [118, 130, 134], [118, 133, 134], [121, 130, 134], [118, 135, 136], [118, 135, 136], [118, 137, 136], [121, 135, 136]","'InChI=1/C21H27N7O14P2/c22-17-12-19(25-7-24-17)28(8-26-12)21-16(32)14(30)11(41-21)6-39-44(36,37)42-43(34,35)38-5-10-13(29)15(31)20(40-10)27-3-1-2-9(4-27)18(23)33/h1-4,7-8,10-11,13-16,20-21,29-32H,5-6H2,(H5-,22,23,24,25,33,34,35,36,37)/p+1/t10-,11-,13-,14-,15-,16-,20-,21-/s2'"
op4en,2-Oxopent-4-enoate,'C3H4O3',Found in iJO1366,"8, 9, 10",,"'InChI=1S/C3H4O3/c1-2(4)3(5)6/h4H,1H2,(H,5,6)'"
pep,Phosphoenolpyruvate,'C3H5O6P',"Found in iJO1366, iMM904",9,,"'InChI=1S/C3H5O6P/c1-2(3(4)5)9-10(6,7)8/h1H2,(H,4,5)(H2,6,7,8)'"
pi,Phosphate,'H3O4P',"Found in iJO1366, iMM904","9, 15, 35, 65, 77, 135, 136, 137","[55, 56, 65, 66], [67, 68, 15], [67, 69, 14, 15], [197, 13, 14, 15], [197, 16, 14, 15], [197, 17, 14, 15], [118, 135, 136], [118, 135, 136], [118, 137, 136], [118, 137, 136], [121, 135, 136], [121, 135, 136], [121, 137, 136], [121, 137, 136]","'InChI=1S/H3O4P/c1-5(2,3)4/h(H3,1,2,3,4)'"
glyc__R,(R)-Glycerate,'C3H6O4',Found in iJO1366,"10, 12, 57","[55, 56, 57]","'InChI=1/C3H6O4/c4-1-2(5)3(6)7/h2,4-5H,1H2,(H,6,7)/t2-/s2'"
glyald,D-Glyceraldehyde,'C3H7NO3',"Found in iJO1366, iMM904","11, 12, 63, 134","[55, 56, 62, 63], [55, 56, 64, 63], [118, 130, 134], [118, 133, 134], [121, 130, 134], [121, 133, 134]","'InChI=1/C3H7NO3/c4-3(7)2(6)1-5/h2,5-6H,1H2,(H2,4,7)'"
acrlcoa,Not found in BiGG,'C24H38N7O17P3S',Not found in any model,"13, 14, 16, 17, 69, 70","[67, 69, 14, 15], [67, 69, 14, 15], [67, 69, 70], [67, 69, 70], [197, 13, 14, 15], [197, 13, 14, 15], [197, 16, 14, 15], [197, 16, 14, 15], [197, 17, 14, 15], [197, 17, 14, 15]","'InChI=1S/C24H38N7O17P3S/c1-4-15(33)52-8-7-26-14(32)5-6-27-22(36)19(35)24(2,3)10-45-51(42,43)48-50(40,41)44-9-13-18(47-49(37,38)39)17(34)23(46-13)31-12-30-16-20(25)28-11-29-21(16)31/h4,11-13,17-19,23,34-35H,1,5-10H2,2-3H3,(H,26,32)(H,27,36)(H,40,41)(H,42,43)(H2,25,28,29)(H2,37,38,39)/t13-,17-,18-,19+,23-/m1/s1'"
laccoa,Lactoyl-CoA,'C24H40N7O18P3S',Not found in any model,"14, 15, 68","[67, 68, 15], [67, 68, 15], [67, 69, 14, 15], [67, 69, 14, 15], [197, 13, 14, 15], [197, 13, 14, 15], [197, 16, 14, 15], [197, 16, 14, 15], [197, 17, 14, 15], [197, 17, 14, 15]","'InChI=1S/C24H40N7O18P3S/c1-12(32)23(37)53-7-6-26-14(33)4-5-27-21(36)18(35)24(2,3)9-46-52(43,44)49-51(41,42)45-8-13-17(48-50(38,39)40)16(34)22(47-13)31-11-30-15-19(25)28-10-29-20(15)31/h10-13,16-18,22,32,34-35H,4-9H2,1-3H3,(H,26,33)(H,27,36)(H,41,42)(H,43,44)(H2,25,28,29)(H2,38,39,40)/t12?,13-,16-,17-,18+,22-/m1/s1'"
lac__L,L-Lactate,'C3H6O3',"Found in iJO1366, iMM904",,,"'InChI=1/C3H6O3/c1-2(4)3(5)6/h2,4H,1H3,(H,5,6)/t2-/s2'"
atp,ATP C10H12N5O13P3,'C10H16N5O13P3',"Found in iJO1366, iMM904",15,"[67, 68, 15], [67, 69, 14, 15], [197, 13, 14, 15], [197, 16, 14, 15], [197, 17, 14, 15]","'InChI=1/C10H16N5O13P3/c11-8-5-9(13-2-12-8)15(3-14-5)10-7(17)6(16)4(26-10)1-25-30(21,22)28-31(23,24)27-29(18,19)20/h2-4,6-7,10,16-17H,1H2,(H,21,22)(H,23,24)(H2,11,12,13)(H2,18,19,20)/t4-,6-,7-,10-/s2'"
adp,ADP C10H12N5O10P2,'C10H15N5O10P2',"Found in iJO1366, iMM904",15,"[67, 68, 15], [67, 69, 14, 15], [197, 13, 14, 15], [197, 16, 14, 15], [197, 17, 14, 15]","'InChI=1/C10H15N5O10P2/c11-8-5-9(13-2-12-8)15(3-14-5)10-7(17)6(16)4(24-10)1-23-27(21,22)25-26(18,19)20/h2-4,6-7,10,16-17H,1H2,(H,21,22)(H2,11,12,13)(H2,18,19,20)/t4-,6-,7-,10-/s2'"
acac,Acetoacetate,'C5H6O3',"Found in iJO1366, iMM904","18, 19, 27, 86, 87, 88, 89, 90, 186, 187",,"'InChI=1S/C5H6O3/c1-3(4(2)6)5(7)8/h1H2,2H3,(H,7,8)'"
alac__S,(S)-2-Acetolactate,'C5H8O4',Found in iJO1366,,,"'InChI=1/C5H8O4/c1-3(6)5(2,9)4(7)8/h9H,1-2H3,(H,7,8)/t5-/s2'"
acald,Acetaldehyde,'C3H4O',"Found in iJO1366, iMM904","21, 22, 23, 24, 25, 37",,"'InChI=1S/C3H4O/c1-2-3-4/h2-3H,1H2'"
lald__D,D-Lactaldehyde,'C3H6O2',Found in iJO1366,,,"'InChI=1/C3H6O2/c1-3(5)2-4/h2-3,5H,1H3/t3-/s2'"
nadph,Nicotinamide adenine dinucleotide phosphate - reduced,'C21H30N7O17P3',"Found in iJO1366, iMM904","24, 44, 48, 54, 61, 64, 73, 74, 76, 85, 93, 94, 98, 104, 108, 116, 117, 120, 121, 127, 128, 132, 133, 137, 139, 141, 145, 146, 147, 151, 152, 154, 157, 161, 164, 167, 187, 189, 192, 196","[44], [46, 48], [54, 53], [55, 56, 61, 60], [55, 56, 64, 63], [118, 120], [121, 119], [121, 120], [121, 120], [121, 122], [121, 53], [125, 126, 127, 49], [125, 128, 127, 49], [125, 128, 127, 49], [125, 126, 127, 50], [125, 128, 127, 50], [125, 128, 127, 50], [125, 126, 127, 51], [125, 128, 127, 51], [125, 128, 127, 51], [118, 129, 127, 47], [118, 129, 127, 48], [118, 129, 127, 48], [121, 129, 127, 47], [121, 129, 127, 47], [121, 129, 127, 48], [121, 129, 127, 48], [121, 129, 127, 48], [118, 129, 127, 49], [121, 129, 127, 49], [121, 129, 127, 49], [118, 129, 127, 50], [121, 129, 127, 50], [121, 129, 127, 50], [118, 129, 127, 51], [121, 129, 127, 51], [121, 129, 127, 51], [118, 130, 132], [118, 133, 131], [118, 133, 132], [118, 133, 132], [121, 130, 131], [121, 130, 132], [121, 130, 132], [121, 133, 131], [121, 133, 131], [121, 133, 132], [121, 133, 132], [121, 133, 132], [118, 133, 134], [121, 130, 134], [121, 133, 134], [121, 133, 134], [118, 137, 136], [121, 135, 136], [121, 137, 136], [121, 137, 136]","'InChI=1/C21H30N7O17P3/c22-17-12-19(25-7-24-17)28(8-26-12)21-16(44-46(33,34)35)14(30)11(43-21)6-41-48(38,39)45-47(36,37)40-5-10-13(29)15(31)20(42-10)27-3-1-2-9(4-27)18(23)32/h1,3-4,7-8,10-11,13-16,20-21,29-31H,2,5-6H2,(H2,23,32)(H,36,37)(H,38,39)(H2,22,24,25)(H2,33,34,35)/t10-,11-,13-,14-,15-,16-,20-,21-/s2'"
nadp,Nicotinamide adenine dinucleotide phosphate,'C21H29N7O17P3',"Found in iJO1366, iMM904","24, 44, 48, 54, 61, 64, 73, 74, 76, 85, 93, 94, 98, 104, 108, 116, 117, 120, 121, 127, 128, 132, 133, 137, 139, 141, 145, 146, 147, 151, 152, 154, 157, 161, 164, 167, 187, 189, 192, 196","[44], [46, 48], [54, 53], [55, 56, 61, 60], [55, 56, 64, 63], [118, 120], [121, 119], [121, 120], [121, 120], [121, 122], [121, 53], [125, 126, 127, 49], [125, 128, 127, 49], [125, 128, 127, 49], [125, 126, 127, 50], [125, 128, 127, 50], [125, 128, 127, 50], [125, 126, 127, 51], [125, 128, 127, 51], [125, 128, 127, 51], [118, 129, 127, 47], [118, 129, 127, 48], [118, 129, 127, 48], [121, 129, 127, 47], [121, 129, 127, 47], [121, 129, 127, 48], [121, 129, 127, 48], [121, 129, 127, 48], [118, 129, 127, 49], [121, 129, 127, 49], [121, 129, 127, 49], [118, 129, 127, 50], [121, 129, 127, 50], [121, 129, 127, 50], [118, 129, 127, 51], [121, 129, 127, 51], [121, 129, 127, 51], [118, 130, 132], [118, 133, 131], [118, 133, 132], [118, 133, 132], [121, 130, 131], [121, 130, 132], [121, 130, 132], [121, 133, 131], [121, 133, 131], [121, 133, 132], [121, 133, 132], [121, 133, 132], [118, 133, 134], [121, 130, 134], [121, 133, 134], [121, 133, 134], [118, 137, 136], [121, 135, 136], [121, 137, 136], [121, 137, 136]","'InChI=1/C21H28N7O17P3/c22-17-12-19(25-7-24-17)28(8-26-12)21-16(44-46(33,34)35)14(30)11(43-21)6-41-48(38,39)45-47(36,37)40-5-10-13(29)15(31)20(42-10)27-3-1-2-9(4-27)18(23)32/h1-4,7-8,10-11,13-16,20-21,29-31H,5-6H2,(H7-,22,23,24,25,32,33,34,35,36,37,38,39)/p+1/t10-,11-,13-,14-,15-,16-,20-,21-/s2'"
fum,Fumarate,'C4H4O3',"Found in iJO1366, iMM904",51,"[46, 51], [125, 126, 127, 51], [125, 128, 127, 51], [118, 129, 127, 51], [121, 129, 127, 51]","'InChI=1S/C4H4O3/c5-3-1-2-4(6)7/h1-3H,(H,6,7)/b2-1-'"
co2,CO2 CO2,'CO2',"Found in iJO1366, iMM904","25, 37, 46, 78, 81, 82, 90, 100, 101, 103, 106, 111, 114, 122, 125, 129, 160, 163, 166, 171, 173, 177, 178, 181, 191, 194","[46, 47], [46, 48], [46, 49], [46, 50], [46, 51], [118, 122], [121, 122], [125, 126, 127, 49], [125, 128, 127, 49], [125, 126, 127, 50], [125, 128, 127, 50], [125, 126, 127, 51], [125, 128, 127, 51], [118, 129, 127, 47], [118, 129, 127, 48], [121, 129, 127, 47], [121, 129, 127, 48], [118, 129, 127, 49], [121, 129, 127, 49], [118, 129, 127, 50], [121, 129, 127, 50], [118, 129, 127, 51], [121, 129, 127, 51]",'InChI=1S/CO2/c2-1-3'
aspsa,L-Aspartate 4-semialdehyde,'C4H7NO3',"Found in iJO1366, iMM904",26,,"'InChI=1/C4H7NO3/c5-3(1-2-6)4(7)8/h2-3H,1,5H2,(H,7,8)/t3-/s2'"
2aobut,L-2-Amino-3-oxobutanoate,'C5H9NO3',"Found in iJO1366, iMM904",,,"'InChI=1/C5H9NO3/c1-3(7)5(2,6)4(8)9/h6H2,1-2H3,(H,8,9)'"
ala__D,D-Alanine,'C3H7NO2',Found in iJO1366,,,"'InChI=1/C3H7NO2/c1-2(4)3(5)6/h2H,4H2,1H3,(H,5,6)/t2-/s2'"
3amac,3-Aminoacrylate,'C4H6O2',Found in iJO1366,"2, 3, 5, 6, 58","[58, 3, 4], [58, 3, 4], [58, 5, 4], [58, 5, 4], [58, 6, 4], [58, 6, 4]","'InChI=1S/C4H6O2/c1-3-4(5)6-2/h3H,1H2,2H3'"
meoh,Methanol,'CH4O',Found in iJO1366,29,,"'InChI=1S/CH4O/c1-2/h2H,1H3'"
lac__D,D-Lactate,'C4H8O3',"Found in iJO1366, iMM904",,,"'InChI=1/C4H8O3/c1-3(5)4(6)7-2/h3,5H,1-2H3'"
lac__D,D-Lactate,'C3H6O3',"Found in iJO1366, iMM904",,,"'InChI=1/C3H6O3/c1-2(4)3(5)6/h2,4H,1H3,(H,5,6)/t2-/s2'"
amet,S-Adenosyl-L-methionine,'C15H22N6O5S',"Found in iJO1366, iMM904","31, 176",,"'InChI=1/C15H22N6O5S/c1-27(3-2-7(16)15(24)25)4-8-10(22)11(23)14(26-8)21-6-20-9-12(17)18-5-19-13(9)21/h5-8,10-11,14,22-23H,2-4,16H2,1H3,(H2-,17,18,19,24,25)/t7-,8+,10+,11+,14+,27?/s2'"
ahcys,S-Adenosyl-L-homocysteine,'C14H20N6O5S',"Found in iJO1366, iMM904","31, 176",,"'InChI=1/C14H20N6O5S/c15-6(14(23)24)1-2-26-3-7-9(21)10(22)13(25-7)20-5-19-8-11(16)17-4-18-12(8)20/h4-7,9-10,13,21-22H,1-3,15H2,(H,23,24)(H2,16,17,18)/t6-,7+,9+,10+,13+/s2'"
chtbs,"N,N'-diacetylchitobiose",'C11H17NO7',Found in iJO1366,,,"'InChI=1/C11H17NO7/c1-3-7(15)19-11-8(12-5(2)14)10(17)9(16)6(4-13)18-11/h3,6,8-11,13,16-17H,1,4H2,2H3,(H,12,14)'"
udp,UDP C9H11N2O12P2,'C9H14N2O12P2',"Found in iJO1366, iMM904","32, 36",,"'InChI=1/C9H14N2O12P2/c12-5-1-2-11(9(15)10-5)8-7(14)6(13)4(22-8)3-21-25(19,20)23-24(16,17)18/h1-2,4,6-8,13-14H,3H2,(H,19,20)(H,10,12,15)(H2,16,17,18)/t4-,6-,7-,8-/s2'"
uacgam,UDP-N-acetyl-D-glucosamine,'C17H27N3O17P2',Found in iJO1366,32,,"'InChI=1/C17H27N3O17P2/c1-6(22)18-10-13(26)11(24)7(4-21)35-16(10)36-39(31,32)37-38(29,30)33-5-8-12(25)14(27)15(34-8)20-3-2-9(23)19-17(20)28/h2-3,7-8,10-16,21,24-27H,4-5H2,1H3,(H,18,22)(H,29,30)(H,31,32)(H,19,23,28)/t7-,8-,10-,11-,12-,13-,14-,15-,16-/s2'"
chtbs,"N,N'-diacetylchitobiose",'C11H20N2O7',Found in iJO1366,,,"'InChI=1/C11H20N2O7/c1-5(15)13-8-10(18)9(17)6(4-14)19-11(8)20-7(16)2-3-12/h6,8-11,14,17-18H,2-4,12H2,1H3,(H,13,15)'"
acgal,N-Acetyl-D-galactosamine,'C8H15NO6',Found in iJO1366,"34, 35",,"'InChI=1/C8H15NO6/c1-3(11)9-5-7(13)6(12)4(2-10)15-8(5)14/h4-8,10,12-14H,2H2,1H3,(H,9,11)/t4-,5-,6+,7-,8?/s2'"
ala_B,Beta-Alanine,'C3H7NO2',"Found in iJO1366, iMM904","0, 1, 34",,"'InChI=1S/C3H7NO2/c4-2-1-3(5)6/h1-2,4H2,(H,5,6)'"
acgam6p,N-Acetyl-D-glucosamine 6-phosphate,'C8H16NO9P',"Found in iJO1366, iMM904",35,,"'InChI=1/C8H16NO9P/c1-3(10)9-5-7(12)6(11)4(18-8(5)13)2-17-19(14,15)16/h4-8,11-13H,2H2,1H3,(H,9,10)(H2,14,15,16)/t4-,5-,6-,7-,8?/s2'"
uacmam,UDP-N-acetyl-D-mannosamine,'C17H27N3O17P2',Found in iJO1366,36,,"'InChI=1/C17H27N3O17P2/c1-6(22)18-10-13(26)11(24)7(4-21)35-16(10)36-39(31,32)37-38(29,30)33-5-8-12(25)14(27)15(34-8)20-3-2-9(23)19-17(20)28/h2-3,7-8,10-16,21,24-27H,4-5H2,1H3,(H,18,22)(H,29,30)(H,31,32)(H,19,23,28)/t7-,8-,10+,11-,12-,13-,14-,15-,16-/s2'"
ppa,Propionate (n-C3:0),'C4H6O2',Found in iJO1366,"72, 73",,"'InChI=1S/C4H6O2/c1-2-3-4(5)6/h2H,1,3H2,(H,5,6)'"
ppcoa,Propanoyl-CoA,'C25H40N7O17P3S',Found in iJO1366,"4, 70, 75, 76, 86, 177","[58, 3, 4], [58, 5, 4], [58, 6, 4], [67, 69, 70]","'InChI=1/C25H40N7O17P3S/c1-4-5-16(34)53-9-8-27-15(33)6-7-28-23(37)20(36)25(2,3)11-46-52(43,44)49-51(41,42)45-10-14-19(48-50(38,39)40)18(35)24(47-14)32-13-31-17-21(26)29-12-30-22(17)32/h4,12-14,18-20,24,35-36H,1,5-11H2,2-3H3,(H,27,33)(H,28,37)(H,41,42)(H,43,44)(H2,26,29,30)(H2,38,39,40)'"
btcoa,Butanoyl-CoA,'C25H42N7O17P3S',Found in iJO1366,"39, 92, 93, 96, 97, 99, 101",,"'InChI=1/C25H42N7O17P3S/c1-4-5-16(34)53-9-8-27-15(33)6-7-28-23(37)20(36)25(2,3)11-46-52(43,44)49-51(41,42)45-10-14-19(48-50(38,39)40)18(35)24(47-14)32-13-31-17-21(26)29-12-30-22(17)32/h12-14,18-20,24,35-36H,4-11H2,1-3H3,(H,27,33)(H,28,37)(H,41,42)(H,43,44)(H2,26,29,30)(H2,38,39,40)/t14-,18-,19-,20?,24-/s2'"
3hbcoa,(S)-3-Hydroxybutanoyl-CoA,'C25H42N7O18P3S',Found in iJO1366,"41, 183, 184, 185",,"'InChI=1/C25H42N7O18P3S/c1-13(33)8-16(35)54-7-6-27-15(34)4-5-28-23(38)20(37)25(2,3)10-47-53(44,45)50-52(42,43)46-9-14-19(49-51(39,40)41)18(36)24(48-14)32-12-31-17-21(26)29-11-30-22(17)32/h11-14,18-20,24,33,36-37H,4-10H2,1-3H3,(H,27,34)(H,28,38)(H,42,43)(H,44,45)(H2,26,29,30)(H2,39,40,41)/t13-,14+,18+,19+,20?,24+/s2'"
msa,Malonate semialdehyde,'C3H4O3',Found in iJO1366,"43, 44, 131, 132","[43], [44], [118, 130, 131], [118, 130, 132], [118, 133, 131], [118, 133, 132], [121, 130, 131], [121, 130, 132], [121, 133, 131], [121, 133, 132]","'InChI=1S/C3H4O3/c4-2-1-3(5)6/h2H,1H2,(H,5,6)'"
mlthf,"5,10-Methylenetetrahydrofolate",'C20H23N7O6',"Found in iJO1366, iMM904","45, 170",[45],"'InChI=1/C20H23N7O6/c21-20-24-16-15(18(31)25-20)27-9-26(8-12(27)7-22-16)11-3-1-10(2-4-11)17(30)23-13(19(32)33)5-6-14(28)29/h1-4,12-13H,5-9H2,(H,23,30)(H,28,29)(H,32,33)(H4,21,22,24,25,31)/t12-,13?/s2'"
thf,"5,6,7,8-Tetrahydrofolate",'C19H23N7O6',"Found in iJO1366, iMM904","45, 170",[45],"'InChI=1/C19H23N7O6/c20-19-25-15-14(17(30)26-19)23-11(8-22-15)7-21-10-3-1-9(2-4-10)16(29)24-12(18(31)32)5-6-13(27)28/h1-4,11-12,21,23H,5-8H2,(H,24,29)(H,27,28)(H,31,32)(H4,20,22,25,26,30)/t11?,12-/s2'"
mal__D,D-Malate,'C4H6O5',Found in iJO1366,"46, 47, 48, 49, 50, 51, 125, 126, 127, 128, 129","[46, 47], [46, 47], [46, 48], [46, 48], [46, 49], [46, 49], [46, 50], [46, 50], [46, 51], [46, 51], [125, 126, 127, 49], [125, 126, 127, 49], [125, 126, 127, 49], [125, 126, 127, 49], [125, 128, 127, 49], [125, 128, 127, 49], [125, 128, 127, 49], [125, 128, 127, 49], [125, 126, 127, 50], [125, 126, 127, 50], [125, 126, 127, 50], [125, 126, 127, 50], [125, 128, 127, 50], [125, 128, 127, 50], [125, 128, 127, 50], [125, 128, 127, 50], [125, 126, 127, 51], [125, 126, 127, 51], [125, 126, 127, 51], [125, 126, 127, 51], [125, 128, 127, 51], [125, 128, 127, 51], [125, 128, 127, 51], [125, 128, 127, 51], [118, 129, 127, 47], [118, 129, 127, 47], [118, 129, 127, 47], [118, 129, 127, 48], [118, 129, 127, 48], [118, 129, 127, 48], [121, 129, 127, 47], [121, 129, 127, 47], [121, 129, 127, 47], [121, 129, 127, 48], [121, 129, 127, 48], [121, 129, 127, 48], [118, 129, 127, 49], [118, 129, 127, 49], [118, 129, 127, 49], [121, 129, 127, 49], [121, 129, 127, 49], [121, 129, 127, 49], [118, 129, 127, 50], [118, 129, 127, 50], [118, 129, 127, 50], [121, 129, 127, 50], [121, 129, 127, 50], [121, 129, 127, 50], [118, 129, 127, 51], [118, 129, 127, 51], [118, 129, 127, 51], [121, 129, 127, 51], [121, 129, 127, 51], [121, 129, 127, 51]","'InChI=1/C4H6O5/c5-2(4(8)9)1-3(6)7/h2,5H,1H2,(H,6,7)(H,8,9)/t2-/s2'"
oaa,Oxaloacetate,'C4H4O5',"Found in iJO1366, iMM904","47, 48","[46, 47], [46, 48], [118, 129, 127, 47], [118, 129, 127, 48], [121, 129, 127, 47], [121, 129, 127, 48]","'InChI=1S/C4H4O5/c5-2(4(8)9)1-3(6)7/h1H2,(H,6,7)(H,8,9)'"
glx,Glyoxylate,'C2H2O3',"Found in iJO1366, iMM904","49, 50, 59, 60, 61","[46, 49], [46, 50], [55, 56, 59, 60], [55, 56, 59, 60], [55, 56, 61, 60], [55, 56, 61, 60], [125, 126, 127, 49], [125, 128, 127, 49], [125, 126, 127, 50], [125, 128, 127, 50], [118, 129, 127, 49], [121, 129, 127, 49], [118, 129, 127, 50], [121, 129, 127, 50]","'InChI=1S/C2H2O3/c3-1-2(4)5/h1H,(H,4,5)'"
fum,Fumarate,'C4H4O4',"Found in iJO1366, iMM904",51,"[46, 51], [125, 126, 127, 51], [125, 128, 127, 51], [118, 129, 127, 51], [121, 129, 127, 51]","'InChI=1S/C4H4O4/c5-3(6)1-2-4(7)8/h1-2H,(H,5,6)(H,7,8)/b2-1+'"
3hpp,3-Hydroxypropanoate,'C3H6O2',Found in iJO1366,"1, 43, 44, 45, 46, 52, 54, 55, 58, 67, 119, 120, 136, 197","[43], [44], [45], [46, 47], [46, 48], [46, 49], [46, 50], [46, 51], [52, 53], [54, 53], [55, 56, 57], [58, 3, 4], [58, 5, 4], [58, 6, 4], [55, 56, 59, 60], [55, 56, 61, 60], [55, 56, 62, 63], [55, 56, 64, 63], [55, 56, 65, 66], [67, 68, 15], [67, 69, 14, 15], [67, 69, 70], [197, 13, 14, 15], [197, 16, 14, 15], [197, 17, 14, 15], [118, 119], [118, 120], [121, 119], [121, 120], [118, 135, 136], [118, 137, 136], [121, 135, 136], [121, 137, 136]","'InChI=1S/C3H6O2/c4-2-1-3-5/h2,5H,1,3H2'"
glyc,Glycerol,'C3H8O3',"Found in iJO1366, iMM904",53,"[52, 53], [54, 53], [118, 53], [121, 53]","'InChI=1S/C3H8O3/c4-1-3(6)2-5/h3-6H,1-2H2'"
fald,Formaldehyde,'CH2O',"Found in iJO1366, iMM904","55, 57, 60, 63, 66, 105","[55, 56, 57], [55, 56, 57], [55, 56, 59, 60], [55, 56, 59, 60], [55, 56, 61, 60], [55, 56, 61, 60], [55, 56, 62, 63], [55, 56, 62, 63], [55, 56, 64, 63], [55, 56, 64, 63], [55, 56, 65, 66], [55, 56, 65, 66]",'InChI=1S/CH2O/c1-2/h1H2'
glyclt,Glycolate C2H3O3,'C2H4O3',Found in iJO1366,"56, 57, 59, 61, 62, 64, 65","[55, 56, 57], [55, 56, 57], [55, 56, 59, 60], [55, 56, 59, 60], [55, 56, 61, 60], [55, 56, 61, 60], [55, 56, 62, 63], [55, 56, 62, 63], [55, 56, 64, 63], [55, 56, 64, 63], [55, 56, 65, 66], [55, 56, 65, 66]","'InChI=1S/C2H4O3/c3-1-2(4)5/h3H,1H2,(H,4,5)'"
hpyr,Hydroxypyruvate,'C3H4O4',Found in iJO1366,60,"[55, 56, 59, 60], [55, 56, 61, 60]","'InChI=1S/C3H4O4/c4-1-2(5)3(6)7/h4H,1H2,(H,6,7)'"
gcald,Glycolaldehyde,'C2H4O2',"Found in iJO1366, iMM904","62, 63, 64","[55, 56, 62, 63], [55, 56, 62, 63], [55, 56, 64, 63], [55, 56, 64, 63]","'InChI=1S/C2H4O2/c3-1-2-4/h1,4H,2H2'"
glyald,D-Glyceraldehyde,'C3H6O3',"Found in iJO1366, iMM904","11, 12, 63, 134","[55, 56, 62, 63], [55, 56, 64, 63], [118, 130, 134], [118, 133, 134], [121, 130, 134], [121, 133, 134]","'InChI=1/C3H6O3/c4-1-3(6)2-5/h1,3,5-6H,2H2/t3-/s2'"
2pglyc,2-Phosphoglycolate,'C2H5O6P',Found in iJO1366,"65, 66","[55, 56, 65, 66], [55, 56, 65, 66]","'InChI=1S/C2H5O6P/c3-2(4)1-8-9(5,6)7/h1H2,(H,3,4)(H2,5,6,7)'"
2pg,D-Glycerate 2-phosphate,'C3H7O7P',"Found in iJO1366, iMM904",66,"[55, 56, 65, 66]","'InChI=1/C3H7O7P/c4-1-2(3(5)6)10-11(7,8)9/h2,4H,1H2,(H,5,6)(H2,7,8,9)/t2-/s2'"
3hppcoa,Not found in BiGG,'C24H40N7O18P3S',Not found in any model,"67, 68, 69","[67, 68, 15], [67, 68, 15], [67, 69, 14, 15], [67, 69, 14, 15], [67, 69, 70], [67, 69, 70]","'InChI=1S/C24H40N7O18P3S/c1-24(2,19(36)22(37)27-5-3-14(33)26-6-8-53-15(34)4-7-32)10-46-52(43,44)49-51(41,42)45-9-13-18(48-50(38,39)40)17(35)23(47-13)31-12-30-16-20(25)28-11-29-21(16)31/h11-13,17-19,23,32,35-36H,3-10H2,1-2H3,(H,26,33)(H,27,37)(H,41,42)(H,43,44)(H2,25,28,29)(H2,38,39,40)/t13-,17-,18-,19+,23-/m1/s1'"
ppal,Propanal,'C3H6O',Found in iJO1366,"71, 72, 73, 74, 75, 76, 77, 78, 79, 80, 82, 130, 131, 132, 133, 134","[118, 130, 131], [118, 130, 131], [118, 130, 132], [118, 130, 132], [118, 133, 131], [118, 133, 131], [118, 133, 132], [118, 133, 132], [121, 130, 131], [121, 130, 131], [121, 130, 132], [121, 130, 132], [121, 133, 131], [121, 133, 131], [121, 133, 132], [121, 133, 132], [118, 130, 134], [118, 130, 134], [118, 133, 134], [118, 133, 134], [121, 130, 134], [121, 130, 134], [121, 133, 134], [121, 133, 134]","'InChI=1S/C3H6O/c1-2-3-4/h3H,2H2,1H3'"
ppoh,1-Propanol,'C3H8O',Not found in any model,,,"'InChI=1S/C3H8O/c1-2-3-4/h4H,2-3H2,1H3'"
ppa,Propionate (n-C3:0),'C3H6O2',Found in iJO1366,"72, 73",,"'InChI=1S/C3H6O2/c1-2-3(4)5/h2H2,1H3,(H,4,5)'"
ppap,Propanoyl phosphate,'C3H7O5P',Found in iJO1366,"77, 135, 136, 137","[118, 135, 136], [118, 135, 136], [118, 137, 136], [118, 137, 136], [121, 135, 136], [121, 135, 136], [121, 137, 136], [121, 137, 136]","'InChI=1S/C3H7O5P/c1-2-3(4)8-9(5,6)7/h2H2,1H3,(H2,5,6,7)'"
sucsal,Succinic semialdehyde,'C4H6O3',"Found in iJO1366, iMM904","78, 144, 145, 188, 189",,"'InChI=1S/C4H6O3/c5-3-1-2-4(6)7/h3H,1-2H2,(H,6,7)'"
12ppd__R,"(R)-Propane-1,2-diol",'C3H8O2',Found in iJO1366,"79, 84, 124","[123, 124]","'InChI=1/C3H8O2/c1-3(5)2-4/h3-5H,2H2,1H3/t3-/s2'"
appl,1-Aminopropan-2-ol,'C3H9NO',Found in iJO1366,80,,"'InChI=1/C3H9NO/c1-3(5)2-4/h3,5H,2,4H2,1H3'"
ghb,Gamma-hydroxybutyrate,'C4H8O3',Found in iJO1366,"81, 122, 156, 158","[118, 122], [121, 122]","'InChI=1S/C4H8O3/c5-3-1-2-4(6)7/h5H,1-3H2,(H,6,7)'"
2obut,2-Oxobutanoate,'C4H6O3',"Found in iJO1366, iMM904","82, 172",,"'InChI=1S/C4H6O3/c1-2-3(5)4(6)7/h2H2,1H3,(H,6,7)'"
ppal,Propanal,'C3H6O',Found in iJO1366,"71, 72, 73, 74, 75, 76, 77, 78, 79, 80, 82, 130, 131, 132, 133, 134","[118, 130, 131], [118, 130, 131], [118, 130, 132], [118, 130, 132], [118, 133, 131], [118, 133, 131], [118, 133, 132], [118, 133, 132], [121, 130, 131], [121, 130, 131], [121, 130, 132], [121, 130, 132], [121, 133, 131], [121, 133, 131], [121, 133, 132], [121, 133, 132], [118, 130, 134], [118, 130, 134], [118, 133, 134], [118, 133, 134], [121, 130, 134], [121, 130, 134], [121, 133, 134], [121, 133, 134]",'InChI=1S/C3H6O/c1-3(2)4/h1-2H3'
2ppoh,2-Propanol,'C3H8O',Not found in any model,,,"'InChI=1S/C3H8O/c1-3(2)4/h3-4H,1-2H3'"
mmcoa__S,(S)-Methylmalonyl-CoA,'C25H40N7O19P3S',Found in iJO1366,,,"'InChI=1/C25H40N7O19P3S/c1-12(23(37)38)24(39)55-7-6-27-14(33)4-5-28-21(36)18(35)25(2,3)9-48-54(45,46)51-53(43,44)47-8-13-17(50-52(40,41)42)16(34)22(49-13)32-11-31-15-19(26)29-10-30-20(15)32/h10-13,16-18,22,34-35H,4-9H2,1-3H3,(H,27,33)(H,28,36)(H,37,38)(H,43,44)(H,45,46)(H2,26,29,30)(H2,40,41,42)/t12-,13+,16+,17+,18?,22+/s2'"
aacoa,Acetoacetyl-CoA,'C25H40N7O18P3S',"Found in iJO1366, iMM904","87, 88, 89",,"'InChI=1S/C25H40N7O18P3S/c1-13(33)8-16(35)54-7-6-27-15(34)4-5-28-23(38)20(37)25(2,3)10-47-53(44,45)50-52(42,43)46-9-14-19(49-51(39,40)41)18(36)24(48-14)32-12-31-17-21(26)29-11-30-22(17)32/h11-12,14,18-20,24,36-37H,4-10H2,1-3H3,(H,27,34)(H,28,38)(H,42,43)(H,44,45)(H2,26,29,30)(H2,39,40,41)/t14-,18-,19-,20+,24-/m1/s1'"
btal,Butanal C4H8O,'C4H8O',Found in iJO1366,"91, 92, 93, 94, 95, 98, 100",,"'InChI=1S/C4H8O/c1-2-3-4-5/h4H,2-3H2,1H3'"
btoh,Butanol,'C4H10O',Not found in any model,,,"'InChI=1S/C4H10O/c1-2-3-4-5/h5H,2-4H2,1H3'"
but,Butyrate (n-C4:0),'C4H8O2',Found in iJO1366,"95, 96, 97, 98, 99",,"'InChI=1S/C4H8O2/c1-2-3-4(5)6/h2-3H2,1H3,(H,5,6)'"
2opntn,Not found in BiGG,'C5H8O3',Not found in any model,,,"'InChI=1S/C5H8O3/c1-2-3-4(6)5(7)8/h2-3H2,1H3,(H,7,8)'"
ppal,Propanal,'C4H8O',Found in iJO1366,"71, 72, 73, 74, 75, 76, 77, 78, 79, 80, 82, 130, 131, 132, 133, 134","[118, 130, 131], [118, 130, 131], [118, 130, 132], [118, 130, 132], [118, 133, 131], [118, 133, 131], [118, 133, 132], [118, 133, 132], [121, 130, 131], [121, 130, 131], [121, 130, 132], [121, 130, 132], [121, 133, 131], [121, 133, 131], [121, 133, 132], [121, 133, 132], [118, 130, 134], [118, 130, 134], [118, 133, 134], [118, 133, 134], [121, 130, 134], [121, 130, 134], [121, 133, 134], [121, 133, 134]","'InChI=1S/C4H8O/c1-4(2)3-5/h3-4H,1-2H3'"
ibutoh,Isobutyl alcohol C4H10O,'C4H10O',Found in iMM904,,,"'InChI=1S/C4H10O/c1-4(2)3-5/h4-5H,3H2,1-2H3'"
3mob,3-Methyl-2-oxobutanoate,'C5H8O3',"Found in iJO1366, iMM904","103, 115, 116",,"'InChI=1S/C5H8O3/c1-3(2)4(6)5(7)8/h3H,1-2H3,(H,7,8)'"
glyc,Glycerol,'C5H12O2',"Found in iJO1366, iMM904",53,"[52, 53], [54, 53], [118, 53], [121, 53]","'InChI=1S/C5H12O2/c1-5(2,3-6)4-7/h6-7H,3-4H2,1-2H3'"
pant__R,(R)-Pantoate,'C6H12O4',"Found in iJO1366, iMM904",,,"'InChI=1/C6H12O4/c1-6(2,3-7)4(8)5(9)10/h4,7-8H,3H2,1-2H3,(H,9,10)'"
2dhp,2-Dehydropantoate,'C6H10O4',"Found in iJO1366, iMM904","107, 108, 112, 170",,"'InChI=1S/C6H10O4/c1-6(2,3-7)4(8)5(9)10/h7H,3H2,1-2H3,(H,9,10)'"
3c4mop,3-Carboxy-4-methyl-2-oxopentanoate,'C7H12O4',"Found in iJO1366, iMM904",,,"'InChI=1S/C7H12O4/c1-7(2,4-8)5(9)3-6(10)11/h8H,3-4H2,1-2H3,(H,10,11)'"
malcoa,Malonyl CoA C24H33N7O19P3S,'C24H38N7O19P3S',"Found in iJO1366, iMM904",109,,"'InChI=1/C24H38N7O19P3S/c1-24(2,19(37)22(38)27-4-3-13(32)26-5-6-54-15(35)7-14(33)34)9-47-53(44,45)50-52(42,43)46-8-12-18(49-51(39,40)41)17(36)23(48-12)31-11-30-16-20(25)28-10-29-21(16)31/h10-12,17-19,23,36-37H,3-9H2,1-2H3,(H,26,32)(H,27,38)(H,33,34)(H,42,43)(H,44,45)(H2,25,28,29)(H2,39,40,41)/t12-,17-,18-,19?,23-/s2'"
2mcit,2-Methylcitrate,'C7H14O4',Found in iJO1366,173,,"'InChI=1/C7H14O4/c1-7(2,4-8)5(9)3-6(10)11/h5,8-9H,3-4H2,1-2H3,(H,10,11)'"
2mcit,2-Methylcitrate,'C8H14O6',Found in iJO1366,173,,"'InChI=1/C8H14O6/c1-7(2,4-9)8(14,6(12)13)3-5(10)11/h9,14H,3-4H2,1-2H3,(H,10,11)(H,12,13)'"
ppa,Propionate (n-C3:0),'C4H8O2',Found in iJO1366,"72, 73",,"'InChI=1S/C4H8O2/c1-3(2)4(5)6/h3H,1-2H3,(H,5,6)'"
23dhmb,"(R)-2,3-Dihydroxy-3-methylbutanoate",'C5H10O3',Found in iJO1366,,,"'InChI=1/C5H10O3/c1-3(2)4(6)5(7)8/h3-4,6H,1-2H3,(H,7,8)'"
13ppd,"1,3-Propanediol",'C3H8O2',Not found in any model,"118, 121, 123, 125","[118, 119], [118, 120], [121, 119], [121, 120], [118, 122], [121, 122], [118, 53], [121, 53], [123, 124], [125, 126, 127, 49], [125, 128, 127, 49], [125, 126, 127, 50], [125, 128, 127, 50], [125, 126, 127, 51], [125, 128, 127, 51], [118, 129, 127, 47], [118, 129, 127, 48], [121, 129, 127, 47], [121, 129, 127, 48], [118, 129, 127, 49], [121, 129, 127, 49], [118, 129, 127, 50], [121, 129, 127, 50], [118, 129, 127, 51], [121, 129, 127, 51], [118, 130, 131], [118, 130, 132], [118, 133, 131], [118, 133, 132], [121, 130, 131], [121, 130, 132], [121, 133, 131], [121, 133, 132], [118, 130, 134], [118, 133, 134], [121, 130, 134], [121, 133, 134], [118, 135, 136], [118, 137, 136], [121, 135, 136], [121, 137, 136]","'InChI=1S/C3H8O2/c4-2-1-3-5/h4-5H,1-3H2'"
etoh,Ethanol,'C3H6O',"Found in iJO1366, iMM904","123, 124","[123, 124], [123, 124]","'InChI=1S/C3H6O/c1-2-3-4/h2,4H,1,3H2'"
mal__D,D-Malate,'C4H8O4',Found in iJO1366,"46, 47, 48, 49, 50, 51, 125, 126, 127, 128, 129","[46, 47], [46, 47], [46, 48], [46, 48], [46, 49], [46, 49], [46, 50], [46, 50], [46, 51], [46, 51], [125, 126, 127, 49], [125, 126, 127, 49], [125, 126, 127, 49], [125, 126, 127, 49], [125, 128, 127, 49], [125, 128, 127, 49], [125, 128, 127, 49], [125, 128, 127, 49], [125, 126, 127, 50], [125, 126, 127, 50], [125, 126, 127, 50], [125, 126, 127, 50], [125, 128, 127, 50], [125, 128, 127, 50], [125, 128, 127, 50], [125, 128, 127, 50], [125, 126, 127, 51], [125, 126, 127, 51], [125, 126, 127, 51], [125, 126, 127, 51], [125, 128, 127, 51], [125, 128, 127, 51], [125, 128, 127, 51], [125, 128, 127, 51], [118, 129, 127, 47], [118, 129, 127, 47], [118, 129, 127, 47], [118, 129, 127, 48], [118, 129, 127, 48], [118, 129, 127, 48], [121, 129, 127, 47], [121, 129, 127, 47], [121, 129, 127, 47], [121, 129, 127, 48], [121, 129, 127, 48], [121, 129, 127, 48], [118, 129, 127, 49], [118, 129, 127, 49], [118, 129, 127, 49], [121, 129, 127, 49], [121, 129, 127, 49], [121, 129, 127, 49], [118, 129, 127, 50], [118, 129, 127, 50], [118, 129, 127, 50], [121, 129, 127, 50], [121, 129, 127, 50], [121, 129, 127, 50], [118, 129, 127, 51], [118, 129, 127, 51], [118, 129, 127, 51], [121, 129, 127, 51], [121, 129, 127, 51], [121, 129, 127, 51]","'InChI=1/C4H8O4/c5-2-1-3(6)4(7)8/h3,5-6H,1-2H2,(H,7,8)'"
mal__D,D-Malate,'C4H6O4',Found in iJO1366,"46, 47, 48, 49, 50, 51, 125, 126, 127, 128, 129","[46, 47], [46, 47], [46, 48], [46, 48], [46, 49], [46, 49], [46, 50], [46, 50], [46, 51], [46, 51], [125, 126, 127, 49], [125, 126, 127, 49], [125, 126, 127, 49], [125, 126, 127, 49], [125, 128, 127, 49], [125, 128, 127, 49], [125, 128, 127, 49], [125, 128, 127, 49], [125, 126, 127, 50], [125, 126, 127, 50], [125, 126, 127, 50], [125, 126, 127, 50], [125, 128, 127, 50], [125, 128, 127, 50], [125, 128, 127, 50], [125, 128, 127, 50], [125, 126, 127, 51], [125, 126, 127, 51], [125, 126, 127, 51], [125, 126, 127, 51], [125, 128, 127, 51], [125, 128, 127, 51], [125, 128, 127, 51], [125, 128, 127, 51], [118, 129, 127, 47], [118, 129, 127, 47], [118, 129, 127, 47], [118, 129, 127, 48], [118, 129, 127, 48], [118, 129, 127, 48], [121, 129, 127, 47], [121, 129, 127, 47], [121, 129, 127, 47], [121, 129, 127, 48], [121, 129, 127, 48], [121, 129, 127, 48], [118, 129, 127, 49], [118, 129, 127, 49], [118, 129, 127, 49], [121, 129, 127, 49], [121, 129, 127, 49], [121, 129, 127, 49], [118, 129, 127, 50], [118, 129, 127, 50], [118, 129, 127, 50], [121, 129, 127, 50], [121, 129, 127, 50], [121, 129, 127, 50], [118, 129, 127, 51], [118, 129, 127, 51], [118, 129, 127, 51], [121, 129, 127, 51], [121, 129, 127, 51], [121, 129, 127, 51]","'InChI=1/C4H6O4/c5-2-1-3(6)4(7)8/h2-3,6H,1H2,(H,7,8)'"
ppal,Propanal,'C3H4O2',Found in iJO1366,"71, 72, 73, 74, 75, 76, 77, 78, 79, 80, 82, 130, 131, 132, 133, 134","[118, 130, 131], [118, 130, 131], [118, 130, 132], [118, 130, 132], [118, 133, 131], [118, 133, 131], [118, 133, 132], [118, 133, 132], [121, 130, 131], [121, 130, 131], [121, 130, 132], [121, 130, 132], [121, 133, 131], [121, 133, 131], [121, 133, 132], [121, 133, 132], [118, 130, 134], [118, 130, 134], [118, 133, 134], [118, 133, 134], [121, 130, 134], [121, 130, 134], [121, 133, 134], [121, 133, 134]","'InChI=1S/C3H4O2/c4-2-1-3-5/h2-3H,1H2'"
ppap,Propanoyl phosphate,'C3H7O6P',Found in iJO1366,"77, 135, 136, 137","[118, 135, 136], [118, 135, 136], [118, 137, 136], [118, 137, 136], [121, 135, 136], [121, 135, 136], [121, 137, 136], [121, 137, 136]","'InChI=1S/C3H7O6P/c4-2-1-3(5)9-10(6,7)8/h4H,1-2H2,(H2,6,7,8)'"
12ppd,Not found in BiGG,'C3H8O2',Not found in any model,,,"'InChI=1/C3H8O2/c1-3(5)2-4/h3-5H,2H2,1H3'"
acetol,Acetol cytosol,'C3H6O2',Found in iJO1366,"140, 141, 159, 160, 161",,"'InChI=1S/C3H6O2/c1-3(5)2-4/h4H,2H2,1H3'"
but,Butyrate (n-C4:0),'C4H8O2',Found in iJO1366,"95, 96, 97, 98, 99",,"'InChI=1S/C4H8O2/c5-3-1-2-4-6/h3,6H,1-2,4H2'"
14btd,Not found in BiGG,'C4H10O2',Not found in any model,,,"'InChI=1S/C4H10O2/c5-3-1-2-4-6/h5-6H,1-4H2'"
btal,Butanal C4H8O,'C4H6O2',Found in iJO1366,"91, 92, 93, 94, 95, 98, 100",,"'InChI=1S/C4H6O2/c5-3-1-2-4-6/h3-4H,1-2H2'"
4abutn,4-Aminobutanal,'C4H9NO',"Found in iJO1366, iMM904",148,,"'InChI=1S/C4H9NO/c5-3-1-2-4-6/h4H,1-3,5H2'"
btcoa,Butanoyl-CoA,'C25H40N7O18P3S',Found in iJO1366,"39, 92, 93, 96, 97, 99, 101",,"'InChI=1/C25H40N7O18P3S/c1-25(2,20(37)23(38)28-6-5-15(34)27-7-9-54-16(35)4-3-8-33)11-47-53(44,45)50-52(42,43)46-10-14-19(49-51(39,40)41)18(36)24(48-14)32-13-31-17-21(26)29-12-30-22(17)32/h8,12-14,18-20,24,36-37H,3-7,9-11H2,1-2H3,(H,27,34)(H,28,38)(H,42,43)(H,44,45)(H2,26,29,30)(H2,39,40,41)'"
btcoa,Butanoyl-CoA,'C25H42N7O18P3S',Found in iJO1366,"39, 92, 93, 96, 97, 99, 101",,"'InChI=1/C25H42N7O18P3S/c1-25(2,20(37)23(38)28-6-5-15(34)27-7-9-54-16(35)4-3-8-33)11-47-53(44,45)50-52(42,43)46-10-14-19(49-51(39,40)41)18(36)24(48-14)32-13-31-17-21(26)29-12-30-22(17)32/h12-14,18-20,24,33,36-37H,3-11H2,1-2H3,(H,27,34)(H,28,38)(H,42,43)(H,44,45)(H2,26,29,30)(H2,39,40,41)/t14-,18-,19-,20?,24-/s2'"
acetol,Acetol cytosol,'C4H8O2',Found in iJO1366,"140, 141, 159, 160, 161",,"'InChI=1/C4H8O2/c1-3(5)4(2)6/h3,5H,1-2H3'"
btd,Not found in BiGG,'C4H10O2',Not found in any model,,,"'InChI=1/C4H10O2/c1-3(5)4(2)6/h3-6H,1-2H3'"
btal,Butanal C4H8O,'C5H10O',Found in iJO1366,"91, 92, 93, 94, 95, 98, 100",,"'InChI=1S/C5H10O/c1-5(2)3-4-6/h4-5H,3H2,1-2H3'"
3mbtoh,Not found in BiGG,'C5H12O',Not found in any model,,,"'InChI=1S/C5H12O/c1-5(2)3-4-6/h5-6H,3-4H2,1-2H3'"
4mop,4-Methyl-2-oxopentanoate,'C6H10O3',"Found in iJO1366, iMM904",163,,"'InChI=1S/C6H10O3/c1-4(2)3-5(7)6(8)9/h4H,3H2,1-2H3,(H,8,9)'"
btal,Butanal C4H8O,'C5H10O',Found in iJO1366,"91, 92, 93, 94, 95, 98, 100",,"'InChI=1/C5H10O/c1-3-5(2)4-6/h4-5H,3H2,1-2H3'"
2mbtoh,2 methyl 1 butanol C5H12O,'C5H12O',Found in iMM904,,,"'InChI=1/C5H12O/c1-3-5(2)4-6/h5-6H,3-4H2,1-2H3'"
3mop,(S)-3-Methyl-2-oxopentanoate,'C6H10O3',"Found in iJO1366, iMM904",166,,"'InChI=1/C6H10O3/c1-3-4(2)5(7)6(8)9/h4H,3H2,1-2H3,(H,8,9)/t4-/s2'"
val__L,L-Valine,'C5H11NO2',"Found in iJO1366, iMM904",,,"'InChI=1/C5H11NO2/c1-3(2)4(6)5(7)8/h3-4H,6H2,1-2H3,(H,7,8)/t4-/s2'"
3c3hmp,3-Carboxy-3-hydroxy-4-methylpentanoate,'C6H10O5',"Found in iJO1366, iMM904",,,"'InChI=1/C6H10O5/c1-2-6(11,5(9)10)3-4(7)8/h11H,2-3H2,1H3,(H,7,8)(H,9,10)'"
3hpt,Not found in BiGG,'C5H10O3',Not found in any model,,,"'InChI=1/C5H10O3/c1-2-4(6)3-5(7)8/h4,6H,2-3H2,1H3,(H,7,8)'"
2mcit,2-Methylcitrate,'C7H10O7',Found in iJO1366,173,,"'InChI=1/C7H10O7/c1-3(5(10)11)7(14,6(12)13)2-4(8)9/h3,14H,2H2,1H3,(H,8,9)(H,10,11)(H,12,13)/t3-,7-/s2'"
glyald,D-Glyceraldehyde,'C5H10O2',"Found in iJO1366, iMM904","11, 12, 63, 134","[55, 56, 62, 63], [55, 56, 64, 63], [118, 130, 134], [118, 133, 134], [121, 130, 134], [121, 133, 134]","'InChI=1/C5H10O2/c1-2-5(7)3-4-6/h4-5,7H,2-3H2,1H3'"
3hhcoa,(S)-3-Hydroxyhexanoyl-CoA,'C26H44N7O18P3S',Found in iJO1366,176,,"'InChI=1/C26H44N7O18P3S/c1-4-14(34)9-17(36)55-8-7-28-16(35)5-6-29-24(39)21(38)26(2,3)11-48-54(45,46)51-53(43,44)47-10-15-20(50-52(40,41)42)19(37)25(49-15)33-13-32-18-22(27)30-12-31-23(18)33/h12-15,19-21,25,34,37-38H,4-11H2,1-3H3,(H,28,35)(H,29,39)(H,43,44)(H,45,46)(H2,27,30,31)(H2,40,41,42)'"
3hhcoa,(S)-3-Hydroxyhexanoyl-CoA,'C27H46N7O18P3S',Found in iJO1366,176,,"'InChI=1/C27H46N7O18P3S/c1-4-5-15(35)10-18(37)56-9-8-29-17(36)6-7-30-25(40)22(39)27(2,3)12-49-55(46,47)52-54(44,45)48-11-16-21(51-53(41,42)43)20(38)26(50-16)34-14-33-19-23(28)31-13-32-24(19)34/h13-16,20-22,26,35,38-39H,4-12H2,1-3H3,(H,29,36)(H,30,40)(H,44,45)(H,46,47)(H2,28,31,32)(H2,41,42,43)/t15-,16+,20+,21+,22?,26+/s2'"
akg,2-Oxoglutarate,'C5H6O5',"Found in iJO1366, iMM904",178,,"'InChI=1S/C5H6O5/c6-3(5(9)10)1-2-4(7)8/h1-2H2,(H,7,8)(H,9,10)'"
athr__L,L-Allo-threonine,'C4H9NO3',"Found in iJO1366, iMM904",,,"'InChI=1/C4H9NO3/c1-2(6)3(5)4(7)8/h2-3,6H,5H2,1H3,(H,7,8)/t2-,3-/s2'"
aspsa,L-Aspartate 4-semialdehyde,'C4H9NO2',"Found in iJO1366, iMM904",26,,"'InChI=1/C4H9NO2/c1-2-3(5)4(6)7/h3H,2,5H2,1H3,(H,6,7)'"
glu__D,D-Glutamate,'C5H9NO4',Found in iJO1366,,,"'InChI=1/C5H9NO4/c6-3(5(9)10)1-2-4(7)8/h3H,1-2,6H2,(H,7,8)(H,9,10)/t3-/s2'"
3hb,Not found in BiGG,'C4H8O3',Not found in any model,,,"'InChI=1/C4H8O3/c1-3(5)2-4(6)7/h3,5H,2H2,1H3,(H,6,7)'"
pacald,Phenylacetaldehyde,'C8H8O',"Found in iJO1366, iMM904","190, 191, 192, 193",,"'InChI=1S/C8H8O/c9-7-6-8-4-2-1-3-5-8/h1-5,7H,6H2'"
2phetoh,2 phenylethanol C8H10O,'C8H10O',Found in iMM904,,,"'InChI=1S/C8H10O/c9-7-6-8-4-2-1-3-5-8/h1-5,9H,6-7H2'"
phpyr,Phenylpyruvate,'C9H8O3',"Found in iJO1366, iMM904",191,,"'InChI=1S/C9H8O3/c10-8(9(11)12)6-7-4-2-1-3-5-7/h1-5H,6H2,(H,11,12)'"
4hoxpacd,4-Hydroxyphenylacetaldehyde,'C8H8O2',Found in iJO1366,"193, 194, 196",,"'InChI=1S/C8H8O2/c9-6-5-7-1-3-8(10)4-2-7/h1-4,6,10H,5H2'"
34hpp,3-(4-Hydroxyphenyl)pyruvate,'C9H8O4',"Found in iJO1366, iMM904",194,,"'InChI=1S/C9H8O4/c10-7-3-1-6(2-4-7)5-8(11)9(12)13/h1-4,10H,5H2,(H,12,13)'"
tym,Tyramine,'C8H10O2',Found in iJO1366,"195, 196",,"'InChI=1S/C8H10O2/c9-6-5-7-1-3-8(10)4-2-7/h1-4,9-10H,5-6H2'"
